infer,faecal,type1,type4
1.297923759827594,-0.19169429596607893,-0.020621488050876966,-0.09621865623938022
1.2772222970590865,-0.19497024124210557,-0.024933937040826172,-0.0968875605465804
1.6585583936276356,-0.059793622911888784,0.3369590675368492,-0.028502652056899575
-0.17591079208416918,-0.14890084873772852,-0.2859548182783056,-0.1615559692755404
-0.2835896516883633,-0.26506906467773,-0.5035038561583411,-0.12330485983300732
1.3930543423064983,-0.17306627652846776,-0.018502018778072102,-0.09486513297588595
-0.027219995116153566,-0.08148120559800127,-0.22738283172644785,-0.012341567385933712
1.4149601239053777,-0.164239803628145,-0.01288089128954167,-0.08882551158861912
-0.13687715499090908,-0.8616692548214551,-1.2876743890318898,-0.18121285945343207
-0.02403371878830656,-0.08540769684736467,-0.2266104912435391,-0.012362705442214834
0.6204504520472897,-0.4031458202450084,-0.43567458379531654,-0.20668519146856176
1.1804926711645964,-0.18009665788171655,-0.09689451665576763,-0.09194791129076317
-0.08792301630122729,-0.1204056806057149,-0.29102130448996066,-0.04504551364876522
1.1766797110497362,-0.17736223237893212,-0.09640020452521221,-0.10582522003308108
-0.044305328318319764,-0.09686824472085624,-0.2442823091093584,-0.027462142207437184
-0.2267988684215889,-0.23728374085984136,-0.4449328701966449,-0.0991306565858097
1.2750074226877384,-0.1523572123542642,-0.05115017012621593,-0.08429141456154464
-0.02403371878830656,-0.08540769684736468,-0.2266104912435391,-0.012362705442214834
1.7519468460427448,-0.07104397293446882,0.1478112552433722,-0.038388761725137735
1.4852169424800992,-0.14490464133868322,-0.004004317988217797,-0.08313918288261221
-0.197409795946464,-0.11591466002562775,-0.29487849483770223,-0.16373286592149489
1.5490946312695557,-0.15248224067086985,0.028528838500203203,-0.08920199553277035
0.0965031236057031,-0.676597688028546,-0.9440650051863251,-0.24224827055966314
1.481966963591782,-0.14507213751188816,8.373368427075633e-05,-0.08300008642796707
50.004953880681924,60.178110652743044,61.110160334393065,51.230421389005265
0.5658988014355416,-0.4111676467724536,-0.4983233447041782,-0.224994562462134
0.31741982276576,-0.5969683763287397,-0.7009511404437913,-0.32960192493991664
0.5684256572544273,0.23518699410653893,0.5905610010103204,0.013978131003046372
-0.026685801866573492,-0.08424227618393842,-0.21833691165849337,-0.02269724827330435
0.6482068477219219,-0.2283825753963267,-0.27998400722241573,-0.14408007676235393
1.0289619278759783,-0.3786492866345815,0.09364830193989508,-0.1583388384685156
1.0251741279064408,-0.38055183378429247,0.08877778008399367,-0.159223725912723
-0.2422403259618558,-0.6596604909065411,-1.0147823851037763,-0.3469276864628141
-0.2869068279561986,-0.7447773233163347,-1.082370345074915,-0.3974482999065573
-0.9022525567734629,-0.8880484531987206,-1.4098101383054968,-0.515764203329952
0.6939061293087234,-0.26791364051186445,-0.35022177749050204,-0.08154276091235768
0.6108371276848078,-0.319704479472688,-0.4301239448799445,-0.1132744073323343
-0.0444929355085044,-0.09575267800829226,-0.24770223405634648,-0.012622493721882603
1.0100682573751067,-0.4501570759521265,-0.5488981725386634,-0.1815602664832997
0.5607839608985307,-0.2801733903511455,-0.39716961980390536,-0.09807534391540557
-0.1362282398055712,-0.09086256399271488,-0.2907947057723786,0.013221209804380702
-0.14923106970979713,-0.09119324992995169,-0.2951378711213307,0.011554052314832992
98.56499284681324,117.78052432171225,119.65476182492293,99.5931382095355
-0.4455177509683777,-0.3373331693327306,-0.6675982186229655,-0.239494345310057
-0.15488067621541685,-0.08163869897358157,-0.28936861636150824,0.025090456527109152
103.79092280593082,123.98420954166527,125.97102955298884,104.80162908336101
0.5988800047284918,-1.1947423701376751,-1.6275516441596178,-0.19584148672788754
-0.18024328534189107,-0.07883022142780696,-0.29934116622762535,0.035725983187759915
-0.1966845288468296,-0.09525259616943997,-0.3251780212387855,0.023418006743948522
-0.054144163390466626,-0.5981604111869668,-0.8952969522157608,-0.29502430346425257
-0.35315298928746514,-0.04924045945378978,-0.40513129268690296,0.1682327542528641
-0.4766823911325377,0.05633831537183423,-0.41550597419353275,0.3808135794524429
0.06176816846022107,-0.7346759505044328,-1.082059563114541,-0.39337871582590705
-0.059014415228634036,-1.612808534960235,-2.3130708868212526,-0.28315918418404357
-0.2088056892242828,-0.6431636285986493,-0.9837677517813381,-0.3265312163936675
-0.3855457792655507,-0.3021893645600468,-0.6055384004757882,-0.19608608576088946
-0.20722419653260718,-0.641698294205286,-0.9819968992829927,-0.32548074164466
-0.17972347830335814,-0.18575047602018577,-0.3942316312846625,-0.10020767802048494
-0.25508545168482866,-1.3488327383772498,-1.992244032783359,-0.280354328511579
-0.4907004605650706,-0.8932383685076563,-1.3832131338949687,-0.517546547752855
-0.47295222978590395,0.04329336350730164,-0.42304827626367403,0.36167402809336424
0.8115067830956615,-0.5203053160145071,-0.6755858295165349,-0.224242833556051
-0.5434872469759093,-0.3927735245450054,-0.7508059813163148,-0.19598095240858698
-1.5822432609464083,-1.1152660316213732,-1.862620094699937,-0.6947436770374698
-0.8814721653813139,-1.0043077392662951,-1.593852346585199,-0.6050132931389968
-2.2483602093968305,-1.3569423571766928,-2.316687924575729,-1.007138389701619
-0.7975226382930909,-1.1765810260591314,-1.858247234569775,-0.5449698035419785
-0.6870726275290524,-0.8580459714525736,-1.3500991406662368,-0.4647861143146134
-0.8313865838299872,-0.8203169370225346,-1.304406894963449,-0.4532706762760579
-1.8692989052366722,-1.2819514942695822,-2.1334277497479377,-0.8165366783847164
-1.057672041632667,-1.455153656767144,-2.2326385631826913,-0.5588094596115148
-1.2365372289565453,-1.02947976499115,-1.639531339445207,-0.6031779933199989
-1.1637156911037057,-1.030590121932536,-1.6447690233094228,-0.5697519219766745
-1.112896212208292,-1.0043002724977947,-1.6021187833051465,-0.5566379017155019
-1.1320890481564894,-0.8061094501133279,-1.3771778019972687,-0.48235195737750475
-1.45585590783371,-1.1680846425155929,-1.8404439925238445,-0.6554054729366974
-1.4747214211713373,-1.2105824266904013,-1.9021418734115942,-0.6599244993793226
-1.3770728833117205,-1.3884746669844568,-2.1765858045235054,-0.6623698082996796
-1.659828221587617,-1.2126104225687755,-1.9785321401250489,-0.7174647757793428
-1.7419931050114472,-1.2663128400474013,-2.059888379529511,-0.7458035507668792
-0.16861616384530995,-0.11484609160017997,-0.32309999373548626,-0.02521602126595175
-1.6048859383773901,-1.2237642202177088,-1.9537509271735884,-0.6773801512119074
-1.6207195532367225,-1.3074412380380034,-2.117349672475235,-0.7379125004075137
-1.624217031413999,-1.2151462288475832,-1.9613423197384294,-0.7126102801905987
-1.7467492257777233,-1.306181317832922,-2.1418547581582703,-0.7849700011236102
-1.755605577539842,-1.248324327059692,-2.061494379849634,-0.7783246712319443
-1.7376954561262925,-1.2458416467290088,-2.0551264133711995,-0.7788847666863463
-0.4566468386759368,-1.24084027060681,-1.8874962619503093,-0.49131841639451496
-0.3526856627948467,-0.05063305387831144,-0.4061367881448058,0.1662740859855967
-1.913289951384482,-1.3022333834280164,-2.159764224930773,-0.8360037845908026
-1.6593552539376892,-1.2500359259917917,-1.9988809613614462,-0.6917866845516001
-1.6705674451549124,-1.2455148127302653,-2.0077686291918173,-0.7034329555807631
-1.836680148184709,-1.293745572950625,-2.135182680179505,-0.8082167298605292
-1.6874888706760844,-1.2558264755016735,-2.0208824352418584,-0.7080273518719004
-1.8433112195887131,-1.2943905816030605,-2.1404109870986257,-0.8124303929424326
-1.8384474830928517,-1.284807112828669,-2.1266676379281177,-0.8017612331595986
-1.834740751053321,-1.2908891653234942,-2.1315706823622627,-0.8075620179874727
-1.7721552423615323,-1.2511672386166643,-2.0675493376319976,-0.7800241681112199
-1.761183286263058,-1.2357228014879078,-2.0507081109946985,-0.7770989635221679
-1.8474776135551803,-1.2956186562987329,-2.1435570159866786,-0.8141149133168915
-1.673725290395384,-1.2339389888251824,-1.9970124438253187,-0.7244445247909334
-1.8317560054679844,-1.2902184499392246,-2.129244191682294,-0.8059694403420069
-0.7394264284224454,-1.614752553977352,-2.397514111777635,-0.5019166362546977
-0.9315682163046939,-1.521145899248195,-2.296430610411285,-0.5438878394226278
-1.7184975775674929,-1.2566988475998941,-2.0427543813382476,-0.7401069905977588
-0.1605945411103702,-0.10171566024461436,-0.3174983609275233,0.014049366173927746
-1.7171588913138385,-1.2610372275122748,-2.0414943653575888,-0.7361499513478942
-1.6970233670267172,-1.2531540629295017,-2.035580134602412,-0.7449168854451501
-1.709578352676914,-1.2528316767251269,-2.0407765951102994,-0.7454791578475765
-1.7052195181331244,-1.253984651773622,-2.039709658044836,-0.7473431967569792
-1.6863870565315835,-1.2809573855483933,-2.071900500018853,-0.7447772360180721
-1.7148329135803906,-1.2585852348360242,-2.0411487645604325,-0.7278585164174503
-1.7746788022879427,-1.273077547853725,-2.0794695923666486,-0.7643874940783738
-0.13773426683591786,-0.09781507647525295,-0.3025846052859162,0.013431174129805684
-0.18325025439330764,-0.1110262692578752,-0.3392802083063891,0.010515893251088378
-1.7277791613589233,-1.2699610823882703,-2.0660659079913937,-0.7439060486299492
-1.7720208146602796,-1.2722237467476378,-2.078186492159814,-0.7630510135101317
-1.7787132265963324,-1.2738806450078204,-2.084366344092506,-0.7672706850536289
-1.765401813359543,-1.2705517776151776,-2.074855151023422,-0.7593771210209888
-1.0576720416326668,-1.4551536567671437,-2.232638563182691,-0.5588094596115147
-1.0576720416326668,-1.4551536567671441,-2.232638563182691,-0.5588094596115147
-1.7401184592257253,-1.2671504589079186,-2.064027815993428,-0.7454989110662444
-1.7401184592257253,-1.2671504589079186,-2.064027815993428,-0.7454989110662444
-1.4034315602351408,-1.3934622977988183,-2.187458356953934,-0.672937530576377
-1.7723297141853824,-1.2720519729309598,-2.0788938172551545,-0.7626758728735838
-1.7572625426829174,-1.2698556322558086,-2.0727481588908154,-0.756070521630932
-1.073019514506627,-1.4505681937766395,-2.228843203173852,-0.5632800126026086
-1.073019514506627,-1.4505681937766395,-2.228843203173852,-0.5632800126026086
-1.7725278929201627,-1.2727011992045032,-2.07894290433173,-0.7637438211336912
-0.4620760777205819,-0.3459345522140656,-0.6868313810783998,-0.22965030901711223
-1.3770728833117205,-1.3884746669844568,-2.1765858045235054,-0.6623698082996795
-1.708911995030909,-1.251220037580126,-2.0337235913313267,-0.7381577727696695
-1.3770728833117212,-1.388474666984457,-2.176585804523505,-0.66236980829968
-1.7052195181331242,-1.253984651773622,-2.0397096580448353,-0.7473431967569794
