kegg,unit
C01330,MG
C00187,MG
C00076,MG
C00023,MG
C00072,MG
C00238,MG
C00473,IU
C00504,UG
C00253,MG
C00378,MG
C00255,MG
C06262,MG
C00305,MG
C00038,MG
C00070,MG
C00864,MG
C00034,MG
C01529,UG
C02059,UG
C02477,MG
C06427,G
C00712,G
C08362,G
C00249,G
C01530,G
C06424,G
C16526,G
C02679,G
C00219,G
C01571,G
C16513,G
C06429,G
C01585,G
C00246,G
C02094,UG
C05432,UG
C05433,UG
C08591,UG
C00243,G
C01733,G
C16436,G
C16434,G
C02057,G
C00768,G
C16439,G
C00806,G
C02385,G
C01536,G
C00716,G
C01401,G
C16435,G
C00037,G
C16433,G
C01420,G
C06425,G
C16537,G
C00031,G
C01496,G
C00089,G
C00208,G
C08322,G
C08281,G
C08320,G
C01712,G
C16536,G
C08323,G
C00369,G
C06426,G
C01582,G
C04056,G
C05443,UG
C14152,MG
C02483,MG
C14151,MG
C00719,MG
C16527,G
C14154,MG
C14155,MG
C14153,MG
C14156,MG
C01157,G
C00736,G
