C00255,C00253,C02823,C00219,C06424,C06429,C16513,C08320,C06427,C01571,C04056,C01712,C02679,C16537,C00249,C08362,C00712,C01530,C16536,C06425,C16526,C00187,C08281,C00246,C16527,C06426,C08322,C16522,C08323,C02483,C02477,C00031,C00864,C00208,C08319,C06262,C00070,C01330,C00305,C00023,C00076,C00038,C00238,C00034,C00378,C00473,C00089,C01496,C14152,C14154,C14156,C05432,C02094,C02059,C00072,C01733,C16436,C00037,C16435,C02385,C16434,C00716,C01536,C02057,C00806,C01401,C01157,C00736,C16439,C00768,C16433,C00719,C01529,C00369,C00243,C01585,C14151,C14153,C01582,C01420,C00504,C08591,C05433,C14155,C05443,type
0.0,0.0,0.0,0.0,0.0,0.0,0.0,0.0,0.0,0.0,0.0,0.0,0.0,0.0,0.0,0.0,0.0,0.0,0.0,0.0,0.0,0.0,0.0,0.0,0.0,0.0,0.0,0.0,0.0,0.0,0.0,2.308333333333333,0.0,0.0,0.0,34.666666666666664,0.035333333333333335,1.1666666666666667,9.049999999999999,0.2833333333333333,15.0,0.19999999999999998,181.83333333333334,0.14366666666666666,0.0,0.0,1.605,1.91,0.0,0.0,0.0,0.0,0.0,0.0,8.166666666666666,0.0,0.0,0.0,0.0,0.0,0.0,0.0,0.0,0.0,0.0,0.0,0.0,0.0,0.0,0.0,0.0,0.0,0.0,0.0,0.0,0.0,0.0,0.0,0.0,0.0,0.0,0.0,0.0,0.0,0.0,11.0
0.0,0.0,0.0,0.0,0.0,0.0,0.0,0.0,0.0,0.0,0.0,0.0,0.0,0.0,0.0,0.0,0.0,0.0,0.0,0.0,0.0,0.0,0.0,0.0,0.0,0.0,0.0,0.0,0.0,0.0,0.0,2.2916666666666665,0.0,0.0,0.0,40.833333333333336,0.05766666666666667,1.3333333333333333,11.4,0.23666666666666666,16.666666666666668,0.16666666666666666,196.83333333333334,0.11866666666666666,0.0,0.0,1.675,1.7866666666666668,0.0,0.0,0.0,0.0,0.0,0.0,8.049999999999999,0.0,0.0,0.0,0.0,0.0,0.0,0.0,0.0,0.0,0.0,0.0,0.0,0.0,0.0,0.0,0.0,0.0,0.45,0.0,0.0,0.0,0.0,0.0,0.0,0.0,0.0,0.0,0.0,0.0,0.0,11.0
0.024333333333333332,0.7073333333333333,0.0,0.0,0.001,0.0,0.0,0.0,0.046,0.0,0.0,0.0,0.001,0.0,0.043,0.0,0.003,0.005,0.0,0.0,0.0,0.0,0.0,0.0,0.0,0.0,0.0,0.0,0.0,0.11,0.025,1.9000000000000001,0.09166666666666667,0.02666666666666667,0.0,16.333333333333332,0.07033333333333334,25.333333333333332,12.666666666666666,0.3233333333333333,9.0,0.35333333333333333,193.66666666666666,0.044333333333333336,0.04633333333333334,803.0,3.6633333333333327,2.223333333333333,0.0,0.0,0.0,0.0,2526.6666666666665,2.6333333333333333,19.5,0.010666666666666666,0.028999999999999998,0.02266666666666667,0.017,0.025666666666666667,0.018333333333333337,0.036666666666666674,0.012666666666666666,0.02033333333333333,0.002,0.083,0.0,0.0,0.025666666666666667,0.013,0.12066666666666666,0.1,1.2666666666666666,0.023333333333333334,0.0,0.0,0.0,0.0,0.06,0.002,15.166666666666666,0.3333333333333333,5.333333333333333,0.0,0.0,9.0
0.0,0.0,0.0,0.0,0.0,0.0,0.0,0.0,0.0,0.0,0.0,0.0,0.0,0.0,0.0,0.0,0.0,0.0,0.0,0.0,0.0,0.0,0.0,0.0,0.0,0.0,0.0,0.0,0.0,0.0,0.0,0.0,0.0,0.0,0.0,0.0,0.0,19.0,0.0,0.27,15.0,0.0,0.0,0.0,0.0,3731.0,0.0,0.0,0.0,0.0,0.0,0.0,0.0,0.0,35.8,0.0,0.0,0.0,0.0,0.0,0.0,0.0,0.0,0.0,0.0,0.0,0.0,0.0,0.0,0.0,0.0,0.0,0.0,0.0,0.0,0.0,0.0,0.0,0.0,0.0,0.0,0.0,0.0,0.0,0.0,9.0
0.02,0.2,0.0,0.0,0.0,0.0,0.0,0.0,0.005,0.0,0.0,0.0,0.0,0.0,0.012,0.001,0.012,0.001,0.0,0.0,0.0,0.0,0.0,0.0,0.0,0.0,0.0,0.0,0.0,0.0,0.11,0.0,0.189,0.0,0.0,15.0,0.033,1.0,12.0,0.2,9.0,0.05,162.0,0.02,0.04,3.6666666666666665,0.0,0.0,0.0,0.0,0.0,0.0,4.0,0.0,38.0,0.0,0.0,0.0,0.0,0.0,0.0,0.0,0.0,0.0,0.0,0.0,0.0,0.0,0.0,0.0,0.0,0.0,0.1,0.0,0.0,0.0,0.0,0.0,0.0,0.0,7.5,1.0,2.0,0.0,0.0,9.0
0.0,0.57,0.0,0.0,0.0,0.0,0.0,0.0,0.0,0.0,0.0,0.0,0.0,0.0,0.0,0.0,0.0,0.0,0.0,0.0,0.0,0.0,0.0,0.0,0.0,0.0,0.0,0.0,0.0,0.0,0.0,6.998333333333334,0.0,0.0,0.0,0.0,0.0,0.0,0.0,0.0,0.0,0.0,0.0,0.0,0.04016666666666666,0.0,2.105,6.695,0.0,0.0,0.0,0.0,9.166666666666666,0.15,9.98,0.0,0.0,0.0,0.0,0.0,0.0,0.0,0.0,0.0,0.0,0.0,0.0,0.0,0.0,0.0,0.0,0.0,0.0,0.41,0.0,0.0,0.0,0.0,0.0,0.0,24.666666666666668,0.0,8.333333333333334,0.0,0.0,9.0
0.0,0.0,0.0,0.0,0.0,0.0,0.0,0.0,0.0,0.0,0.0,0.0,0.0,0.0,0.0,0.0,0.0,0.0,0.0,0.0,0.0,0.0,0.0,0.0,0.0,0.0,0.0,0.0,0.0,0.0,0.0,0.0,0.0,0.0,0.0,0.0,0.0,0.0,0.0,0.0,39.0,0.0,162.0,0.0,0.0,0.0,0.0,0.0,0.0,0.0,0.0,0.0,0.0,0.0,0.0,0.0,0.0,0.0,0.0,0.0,0.0,0.0,0.0,0.0,0.0,0.0,0.0,0.0,0.0,0.0,0.0,0.0,0.0,0.0,0.0,0.0,0.0,0.0,0.0,0.0,0.0,0.0,0.0,0.0,0.0,9.0
0.0,0.0,0.0,0.0,0.0,0.0,0.0,0.0,0.0,0.0,0.0,0.0,0.0,0.0,0.0,0.0,0.0,0.0,0.0,0.0,0.0,0.0,0.0,0.0,0.0,0.0,0.0,0.0,0.0,0.0,0.0,2.6333333333333333,0.0,0.0,0.0,28.666666666666668,0.04650000000000001,1.6666666666666667,9.333333333333334,0.15166666666666667,20.666666666666668,0.12333333333333334,141.16666666666666,0.09933333333333333,0.0,0.0,0.5883333333333333,2.525,0.0,0.0,0.0,0.0,0.0,0.0,0.0,0.0,0.0,0.0,0.0,0.0,0.0,0.0,0.0,0.0,0.0,0.0,0.0,0.0,0.0,0.0,0.0,0.0,0.0,0.0,0.0,0.0,0.0,0.0,0.02666666666666667,0.0,0.0,0.0,0.0,0.0,0.0,11.0
0.112,0.698,0.0,0.001,0.002,0.0,0.0,0.0,0.117,0.0,0.0,0.0,0.002,0.0,0.049,0.0,0.032,0.002,0.0,0.0,0.0,0.0,0.0,0.0,0.0,0.0,0.0,0.0,0.0,0.0,0.285,0.0,0.052,0.0,0.0,29.0,0.046,15.0,18.0,0.93,136.0,0.18,333.0,0.443,0.056,1442.0,0.0,0.0,0.0,0.0,0.0,0.0,2460.0,333.6,39.3,0.026,0.145,0.128,0.158,0.148,0.159,0.112,0.094,0.136,0.032,0.134,0.0,0.0,0.186,0.056,0.238,0.0,0.9,0.0,0.0,0.0,0.0,0.0,0.0,0.035,12.75,23.0,0.0,0.0,0.0,11.0
0.0,0.0,0.0,0.0,0.0,0.0,0.0,0.0,0.0,0.0,0.0,0.0,0.0,0.0,0.0,0.0,0.0,0.0,0.0,0.0,0.0,0.0,0.0,0.0,0.0,0.0,0.0,0.0,0.0,0.0,0.0,0.0,0.0,0.0,0.0,0.0,0.0,0.0,0.0,0.0,0.0,0.0,0.0,0.0,0.0,0.0,0.0,0.0,0.0,0.0,0.0,0.0,0.0,0.0,0.0,0.0,0.0,0.0,0.0,0.0,0.0,0.0,0.0,0.0,0.0,0.0,0.0,0.0,0.0,0.0,0.0,0.0,0.0,0.0,0.0,0.0,0.0,0.0,0.0,0.0,0.0,0.0,0.0,0.0,0.0,11.0
0.0,0.0,0.0,0.0,0.0,0.0,0.0,0.0,0.0,0.0,0.0,0.0,0.0,0.0,0.0,0.0,0.0,0.0,0.0,0.0,0.0,0.0,0.0,0.0,0.0,0.0,0.0,0.0,0.0,0.0,0.0,0.0,0.0,0.0,0.0,0.0,0.0,7.041666666666667,0.0,1.1308333333333334,15.125,0.0,191.6,0.0,0.0,537.6666666666666,0.0,0.0,0.0,0.0,0.0,0.0,0.0,0.0,21.441666666666666,0.0,0.0,0.0,0.0,0.0,0.0,0.0,0.0,0.0,0.0,0.0,0.0,0.0,0.0,0.0,0.0,0.0,0.0,0.0,0.0,0.0,0.0,0.0,0.0,0.0,0.0,0.0,0.0,0.0,0.0,9.0
0.0,0.0,0.0,0.0,0.002166666666666667,0.0,0.0,0.002,0.08883333333333333,0.0030000000000000005,0.0003333333333333333,0.0008333333333333334,0.0013333333333333333,0.001,0.06633333333333334,0.0026666666666666666,0.5933333333333334,0.024166666666666666,0.0,0.006333333333333333,0.014,0.0,0.0035,0.0013333333333333333,0.0,0.0,0.0,0.0,0.0006666666666666666,0.0,0.0,2.405,0.0,0.0,0.0,36.75,0.08525,357.1666666666667,21.266666666666666,0.82,30.25,0.2125,329.6666666666667,0.16383333333333333,0.0,0.0,1.8283333333333331,2.5749999999999997,0.0,0.0,0.0,13283.333333333334,444.3333333333333,0.0,0.0,0.0,0.0,0.0,0.0,0.0,0.0,0.0,0.0,0.0,0.0,0.0,0.0,0.0,0.0,0.0,0.0,0.0,0.0,0.0,0.0,0.0,0.0,0.0,0.0,0.0,0.0,0.0,0.0,0.0,0.0,6.0
0.0,0.0,0.0,0.0,0.0011666666666666668,0.0,0.0,0.0013333333333333333,0.036333333333333336,0.0028333333333333335,0.0,0.0,0.0011666666666666668,0.001,0.05833333333333333,0.0008333333333333334,0.08816666666666667,0.0195,0.0,0.0018333333333333333,0.0025,0.0,0.0016666666666666668,0.0013333333333333333,0.0,0.0,0.0,0.0,0.0,0.0,0.0,2.315,0.0,0.0,0.0,29.583333333333332,0.06216666666666667,505.25,14.508333333333333,0.8841666666666667,23.75,0.1775,284.0833333333333,0.10975,0.0,0.0,0.205,2.13,0.0,0.0,0.0,10671.666666666666,331.8333333333333,0.0,0.0,0.0,0.0,0.0,0.0,0.0,0.0,0.0,0.0,0.0,0.0,0.0,0.0,0.0,0.0,0.0,0.0,0.0,0.0,0.0,0.0,0.0,0.0,0.0,0.0,0.0,0.0,0.0,0.0,0.0,0.0,6.0
0.0,0.0,0.0,0.0,0.0,0.0,0.0,0.0,0.0,0.0,0.0,0.0,0.0,0.0,0.0,0.0,0.0,0.0,0.0,0.0,0.0,1.3333333333333333,0.0,0.0,0.0,0.0,0.0,0.0,0.0,0.0,0.0,0.0,0.0,0.0,0.0,0.0,0.0,14.666666666666666,0.0,0.0,9.0,0.0,45.0,0.0,0.0,0.0,0.0,0.0,0.0,0.0,0.0,0.0,0.0,0.0,0.0,0.0,0.0,0.0,0.0,0.0,0.0,0.0,0.0,0.0,0.0,0.0,0.0,0.0,0.0,0.0,0.0,0.0,0.0,0.0,0.0,0.0,0.0,0.0,0.0,0.0,0.0,0.0,0.0,0.0,0.0,9.0
0.0,0.0,0.0,0.0,0.0,0.0,0.0,0.0,0.0,0.0,0.0,0.0,0.0,0.0,0.0,0.0,0.0,0.0,0.0,0.0,0.0,0.6937119675456389,0.0,0.0,0.0,0.0,0.0,0.0,0.0,0.0,0.0,1.6624999999999999,0.0,0.0,0.0,30.25,0.06391666666666666,483.38235294117646,15.049999999999999,0.5563473053892216,20.159274193548388,0.164375,189.10344827586206,0.10808333333333332,0.0,664.4902807775378,0.17,1.8483333333333334,0.0,0.0,0.0,0.0,0.0,0.0,15.946153846153846,0.0,0.0,0.0,0.0,0.0,0.0,0.0,0.0,0.0,0.0,0.0,0.0,0.0,0.0,0.0,0.0,0.0,0.0,0.0,0.0,0.0,0.0,0.0,0.0,0.0,0.0,0.0,0.0,0.0,0.0,6.0
0.0,0.0,0.0,0.0,0.0,0.0,0.0,0.0,0.0,0.0,0.0,0.0,0.0,0.0,0.0,0.0,0.0,0.0,0.0,0.0,0.0,0.0,0.0,0.0,0.0,0.0,0.0,0.0,0.0,0.0,0.0,0.0,0.0,0.0,0.0,0.0,0.0,46.666666666666664,0.0,0.56,49.666666666666664,0.0,311.0,0.0,0.0,45.333333333333336,0.0,0.0,0.0,0.0,0.0,0.0,0.0,37.8,63.46666666666667,0.0,0.0,0.0,0.0,0.0,0.0,0.0,0.0,0.0,0.0,0.0,0.0,0.0,0.0,0.0,0.0,0.0,0.0,0.0,0.0,0.0,0.0,0.0,0.0,0.0,0.0,0.0,0.0,0.0,0.0,9.0
0.037,0.462,0.0,0.0,0.0,0.0,0.0,0.0,0.023,0.0,0.0,0.0,0.0,0.0,0.004,0.0,0.015,0.001,0.0,0.0,0.0,0.0,0.0,0.0,0.0,0.0,0.0,0.0,0.0,0.0,0.145,0.0,0.0,0.0,0.0,13.0,0.049,2.0,11.0,0.75,16.0,0.13,148.0,0.0,0.022,1.0,0.0,0.0,0.0,0.0,0.0,0.0,27.0,2.2,41.2,0.0,0.0,0.0,0.0,0.0,0.0,0.0,0.0,0.0,0.0,0.0,0.0,0.0,0.0,0.0,0.0,0.0,0.7,0.0,0.0,0.0,0.0,0.0,0.0,0.0,12.75,0.0,0.0,0.0,0.0,6009.0
0.0,0.0,0.0,0.0,0.0,0.0,0.0,0.0,0.0,0.0,0.0,0.0,0.0,0.0,0.0,0.0,0.0,0.0,0.0,0.0,0.0,0.0,0.0,0.0,0.0,0.0,0.0,0.0,0.0,0.0,0.0,1.3,0.0,0.0,0.0,17.0,0.04975,100.75,9.25,0.6575,33.5,0.1275,195.5,0.06175,0.0,0.0,0.0,1.3250000000000002,0.0,0.0,0.0,0.0,0.0,0.0,0.0,0.0,0.0,0.0,0.0,0.0,0.0,0.0,0.0,0.0,0.0,0.0,0.0,0.0,0.0,0.0,0.0,0.0,0.0,0.0,0.0,0.0,0.0,0.0,0.0,0.0,0.0,0.0,0.0,0.0,0.0,11.0
0.0,0.0,0.0,0.0,0.0,0.0,0.0,0.0,0.0,0.0,0.0,0.0,0.0,0.0,0.0,0.0,0.0,0.0,0.0,0.0,0.0,0.0,0.0,0.0,0.0,0.0,0.0,0.0,0.0,0.0,0.0,0.0,0.0,0.0,0.0,0.0,0.0,7.041666666666667,0.0,1.1308333333333334,15.125,0.0,191.6,0.0,0.0,537.6666666666666,0.0,0.0,0.0,0.0,0.0,0.0,0.0,0.0,21.441666666666666,0.0,0.0,0.0,0.0,0.0,0.0,0.0,0.0,0.0,0.0,0.0,0.0,0.0,0.0,0.0,0.0,0.0,0.0,0.0,0.0,0.0,0.0,0.0,0.0,0.0,0.0,0.0,0.0,0.0,0.0,9.0
0.166,1.434,0.0,0.0,0.0,0.0,0.0,0.0,0.001,0.0,0.0,0.0,0.0,0.0,0.01,0.001,0.015,0.004,0.0,0.0,0.0,2.20625,0.0,0.0,0.0,0.0,0.0,0.0,0.0,0.0,0.73,11.41304347826087,0.0,1.4760869565217392,0.0,25.0,0.06636170212765959,893.0,13.540425531914893,0.22597014925373135,3.9502487562189055,0.16319148936170214,169.67415730337078,0.08565217391304347,0.011,483.9019607843137,0.0,8.941304347826087,0.0,0.0,0.0,12062.0,316.0,3.0,7.382352941176471,0.0,0.0,0.0,0.0,0.0,0.0,0.0,0.0,0.0,0.0,0.0,0.0,0.0,0.0,0.0,0.0,0.0,0.7,0.0,0.0,0.0,0.0,0.0,0.0,0.0,6.75,0.0,0.0,0.0,0.0,6.0
0.0,0.0,0.0,0.0,0.0,0.0,0.0,0.0,0.0,0.0,0.0,0.0,0.0,0.0,0.0,0.0,0.0,0.0,0.0,0.0,0.0,0.0,0.0,0.0,0.0,0.0,0.0,0.0,0.0,0.0,0.0,24.7,0.0,0.0,0.0,0.0,0.0,0.0,0.0,0.0,0.0,0.0,0.0,0.0,0.0,0.0,0.07,23.4,0.0,0.0,0.0,0.0,0.0,0.0,0.0,0.0,0.0,0.0,0.0,0.0,0.0,0.0,0.0,0.0,0.0,0.0,0.0,0.0,0.0,0.0,0.0,0.0,0.0,0.0,0.0,0.0,0.0,0.0,0.0,0.0,0.0,0.0,0.0,0.0,0.0,9.0
0.0,0.0,0.0,0.0,0.0,0.0,0.0,0.0,0.0,0.0,0.0,0.0,0.0,0.0,0.0,0.0,0.0,0.0,0.0,0.0,0.0,0.0,0.0,0.0,0.0,0.0,0.0,0.0,0.0,0.0,0.0,0.0,0.0,0.0,0.0,0.0,0.0,6.0,0.0,1.705,12.5,0.0,0.0,0.0,0.0,205.5,0.0,0.0,0.0,0.0,0.0,0.0,0.0,0.0,8.450000000000001,0.0,0.0,0.0,0.0,0.0,0.0,0.0,0.0,0.0,0.0,0.0,0.0,0.0,0.0,0.0,0.0,0.0,0.0,0.0,0.0,0.0,0.0,0.0,0.0,0.0,0.0,0.0,0.0,0.0,0.0,9.0
0.06625,0.09,0.0,0.0,0.0,0.0,0.0,0.0,0.0,0.0,0.0,0.0,0.0,0.0,0.0,0.0,0.0,0.0,0.0,0.0,0.0,0.0,0.0,0.0,0.0,0.0,0.0,0.0,0.0,0.0,0.0,2.6100000000000003,0.0,0.0,0.0,9.25,0.02425,0.0,4.7125,0.0,4.75,0.01875,95.25,0.0295,0.00875,0.0,0.9249999999999999,7.5600000000000005,0.0,0.0,0.0,0.0,0.0,0.0,0.0,0.0,0.0,0.0,0.0,0.0,0.0,0.0,0.0,0.0,0.0,0.0,0.0,0.0,0.0,0.0,0.0,0.0,0.0,0.0,0.0,0.0,0.0,0.0,0.0,0.0,0.0,0.0,0.0,0.0,0.0,9.0
0.347,1.18,0.0,0.003,0.006,0.0,0.0,0.0,0.378,0.0,0.0,0.0,0.006,0.0,0.158,0.0,0.104,0.006,0.0,0.0,0.0,0.0,0.0,0.0,0.0,0.0,0.0,0.0,0.0,0.14,0.396,0.4,0.37,0.0,0.0,55.0,0.053,53.0,32.9,1.6000000000000003,254.0,0.38999999999999996,348.0,0.92,0.113,922.5,0.09,0.405,0.0,0.0,0.0,0.0,2871.0,389.8666666666666,93.40000000000002,0.029,0.159,0.141,0.174,0.163,0.175,0.123,0.103,0.15,0.035,0.147,0.0,0.0,0.205,0.172,0.262,0.3,0.9,0.0,0.0,0.0,0.0,0.0,0.0,0.038,48.22222222222222,27.0,0.0,0.0,0.0,11.0
0.0,0.0,0.0,0.0,0.0,0.0,0.0,0.0,0.0,0.0,0.0,0.0,0.0,0.0,0.0,0.0,0.0,0.0,0.0,0.0,0.0,0.0,0.0,0.0,0.0,0.0,0.0,0.0,0.0,0.0,0.0,0.6466666666666666,0.0,0.0,0.0,0.0,0.0,0.0,0.0,0.0,0.0,0.0,0.0,0.0,0.0,0.0,0.0,0.645,0.0,0.0,0.0,0.0,0.0,0.0,0.0,0.0,0.0,0.0,0.0,0.0,0.0,0.0,0.0,0.0,0.0,0.0,0.0,0.0,0.0,0.0,0.0,0.0,0.0,0.0,0.0,0.0,0.0,0.0,0.0,0.0,0.0,0.0,0.0,0.0,0.0,11.0
0.3538,5.746,0.0,0.0,0.0,0.0,0.0,0.0,0.0,0.0,0.0,0.0,0.0,0.0,0.0,0.0,0.0,0.0,0.0,0.0,0.0,0.0,0.0,0.0,0.0,0.0,0.0,0.0,0.0,0.0,0.0,0.0,0.0,0.0,0.0,0.0,0.0,0.0,0.0,0.0,0.0,0.0,0.0,0.0,0.6609999999999999,0.0,0.0,0.0,0.0,0.0,0.0,0.0,0.0,0.0,0.0,0.0,0.0,0.0,0.0,0.0,0.0,0.0,0.0,0.0,0.0,0.0,0.0,0.0,0.0,0.0,0.0,0.0,0.0,0.0,0.0,0.0,0.0,0.0,0.0,0.0,0.0,0.0,0.0,0.0,0.0,20.0
0.0,0.0,0.0,0.001,0.0036666666666666666,0.0,0.0,0.0025,0.11083333333333334,0.0031666666666666666,0.0013333333333333333,0.0016666666666666668,0.0018333333333333333,0.001,0.19633333333333333,0.004,0.4111666666666667,0.0745,0.0,0.006000000000000001,0.008333333333333333,0.0,0.0055000000000000005,0.0033333333333333335,0.00016666666666666666,0.0,0.0,0.0,0.0,0.0,0.0,2.1733333333333333,0.0,0.0,0.0,36.416666666666664,0.09508333333333334,394.5833333333333,19.616666666666667,0.6341666666666667,27.666666666666668,0.21250000000000002,343.4166666666667,0.13775,0.0,0.0,0.5233333333333333,2.3466666666666667,0.0,0.0,0.0,14050.0,394.0,0.0,0.0,0.0,0.0,0.0,0.0,0.0,0.0,0.0,0.0,0.0,0.0,0.0,0.0,0.0,0.0,0.0,0.0,0.0,0.0,0.0,0.0,0.0,0.0,0.0,0.0,0.0,0.0,0.0,0.0,0.0,0.0,6.0
0.235,0.205,0.25,0.004,0.254,0.0,0.002,0.0,0.007333333333333333,0.084,0.011,0.052,0.081,0.027,0.746,0.038000000000000006,0.5475,0.25,0.0,0.003,0.005,12.0,0.0,0.06,0.0,0.0,0.025,0.002,0.0,0.0,0.01,0.54,0.394,0.0,0.0,109.0,0.019,33.0,10.0,0.07,88.0,0.41,129.0,0.036,0.037,57.333333333333336,4.43,3.36,0.0,0.0,0.0,0.0,7.0,0.0,0.7,0.129,0.362,0.105,0.518,0.132,0.238,0.271,0.221,0.238,0.025,0.187,0.0,0.0,0.44,0.108,0.347,0.0,9.6,0.0,2.37,0.046,0.0,0.0,0.53,0.04,6.75,0.0,0.0,0.0,0.0,1.0
0.0,0.0,0.0,0.0,0.0,0.0,0.0,0.0,0.0,0.0,0.0,0.0,0.0,0.0,0.0,0.0,0.0,0.0,0.0,0.0,0.0,0.0,0.0,0.0,0.0,0.0,0.0,0.0,0.0,0.0,0.0,0.0,0.0,0.0,0.0,0.0,0.0,0.0,0.0,0.0,0.0,0.0,0.0,0.0,0.0,0.0,0.0,0.0,0.0,0.0,0.0,0.0,0.0,0.0,7.0,0.0,0.0,0.0,0.0,0.0,0.0,0.0,0.0,0.0,0.0,0.0,0.0,0.0,0.0,0.0,0.0,0.0,0.0,0.0,0.0,0.0,0.0,0.0,0.0,0.0,0.0,0.0,0.0,0.0,0.0,11.0
0.0,0.0,0.0,0.0,0.0,0.0,0.0,0.0,0.0,0.0,0.0,0.0,0.0,0.0,0.0,0.0,0.0,0.0,0.0,0.0,0.0,0.0,0.0,0.0,0.0,0.0,0.0,0.0,0.0,0.0,0.0,0.0,0.0,0.0,0.0,0.0,0.0,21.1875,0.0,0.6593749999999999,35.0,0.0,179.72727272727272,0.0,0.0,1828.8,0.0,0.0,0.0,0.0,0.0,0.0,0.0,0.0,68.24,0.0,0.0,0.0,0.0,0.0,0.0,0.0,0.0,0.0,0.0,0.0,0.0,0.0,0.0,0.0,0.0,0.0,0.0,0.0,0.0,0.0,0.0,0.0,0.0,0.0,0.0,0.0,0.0,0.0,0.0,11.0
0.0,0.10666666666666667,0.0,0.0,0.0,0.0,0.0,0.0,0.0,0.0,0.0,0.0,0.0,0.0,0.0,0.0,0.0,0.0,0.0,0.0,0.0,0.0,0.0,0.0,0.0,0.0,0.0,0.0,0.0,0.02,0.10500000000000001,0.525,0.17,0.0,0.0,14.666666666666666,0.029,670.0,6.5,0.23833333333333337,59.333333333333336,0.10833333333333334,116.5,0.055,0.0,0.0,0.0,0.585,0.0,0.0,0.0,0.0,36.5,13.55,1.9,0.0,0.0,0.0,0.0,0.0,0.0,0.0,0.0,0.0,0.0,0.0,0.0,0.0,0.0,0.0,0.0,0.0,0.0,0.0,0.0,0.0,0.0,0.0,0.0,0.0,8.0,1.0,0.0,0.0,0.0,11.0
0.0,0.0,0.0,0.0,0.0,0.0,0.0,0.0,0.0,0.0,0.0,0.0,0.0,0.0,0.0,0.0,0.0,0.0,0.0,0.0,0.0,0.0,0.0,0.0,0.0,0.0,0.0,0.0,0.0,0.0,0.0,0.0,0.0,0.0,0.0,0.0,0.007,1.0,0.3,0.0475,2.0,0.0125,1.0,0.004,0.0,0.0,99.7,0.0,0.0,0.0,0.0,0.0,0.0,0.0,0.0,0.0,0.0,0.0,0.0,0.0,0.0,0.0,0.0,0.0,0.0,0.0,0.0,0.0,0.0,0.0,0.0,0.0,0.0,0.0,0.0,0.0,0.0,0.0,0.0525,0.0,0.0,0.0,0.0,0.0,0.0,19.0
0.019,0.0,0.0,0.0,0.0,0.0,0.0,0.0,0.0,0.0,0.0,0.0,0.0,0.0,0.0,0.0,0.0,0.0,0.0,0.0,0.0,0.0,0.0,0.0,0.0,0.0,0.0,0.0,0.0,0.0,0.0,0.0,0.0,0.0,0.0,0.0,0.007,0.75,0.19999999999999998,0.05000000000000001,1.0,0.01,2.0,0.004,0.0,0.0,99.8,0.0,0.0,0.0,0.0,0.0,0.0,0.0,0.0,0.0,0.0,0.0,0.0,0.0,0.0,0.0,0.0,0.0,0.0,0.0,0.0,0.0,0.0,0.0,0.0,0.0,0.6,0.0,0.0,0.0,0.0,0.0,0.02,0.0,0.0,0.0,0.0,0.0,0.0,19.0
0.2333333333333333,1.9033333333333333,0.0,0.008666666666666666,0.021,0.002,0.0,0.015,0.36516666666666664,0.014,0.006666666666666667,0.028666666666666663,0.001,0.005,1.6833333333333333,0.019666666666666666,2.606666666666667,3.4133333333333336,0.0,0.04666666666666667,0.06066666666666667,0.0,0.041,0.011333333333333334,0.0,0.03266666666666667,0.0,0.0,0.0,0.0,0.0,0.0,0.4,0.0,0.0,112.2,0.1454,297.6,33.9,2.306,26.6,0.614,273.0,0.7442,0.38666666666666666,0.0,0.0,0.0,0.0,0.0,0.0,0.0,0.0,0.0,0.0,0.0,0.0,0.0,0.0,0.0,0.0,0.0,0.0,0.0,0.0,0.0,0.0,0.0,0.0,0.0,0.0,0.0,5.633333333333333,27.266666666666666,0.0,0.0,0.0,0.0,0.0,0.0,42.666666666666664,0.0,0.0,0.0,0.0,18.0
0.0,2.111666666666667,0.19333333333333336,0.0255,0.048928571428571425,0.0020714285714285717,0.003428571428571429,0.01207142857142857,0.7360714285714286,0.006357142857142858,0.0145,0.028285714285714286,0.003357142857142857,0.004071428571428571,1.8785714285714286,0.08099999999999999,3.3657142857142857,0.730642857142857,0.0,0.038571428571428576,0.0715,24.166666666666668,0.03414285714285714,0.003428571428571429,0.005071428571428572,0.0012857142857142859,0.0,0.0032857142857142855,0.002857142857142857,3.2733333333333334,0.8866666666666667,3.01,0.44333333333333336,0.0,0.0,132.91666666666666,0.06041666666666667,304.3333333333333,13.033333333333333,3.070833333333333,45.916666666666664,1.0708333333333333,152.33333333333334,0.17308333333333334,0.0,0.0,4.471666666666667,2.855,0.06,0.0,0.0,199.66666666666666,259.3333333333333,27.866666666666664,2.3,0.20666666666666667,0.41,0.39999999999999997,0.4466666666666666,0.5399999999999999,0.37666666666666665,0.38000000000000006,0.25333333333333335,0.3433333333333333,0.10166666666666667,0.47333333333333333,0.0,0.0,0.7066666666666667,0.2866666666666667,0.7666666666666666,7.4,0.0,11.75,0.0,0.0002142857142857143,1.2766666666666666,0.0,0.0,0.11,0.0,0.0,138.66666666666666,0.006666666666666667,0.0,25.0
0.191,6.055,0.2,0.059208333333333335,0.043416666666666666,0.0009166666666666666,0.005458333333333333,4.347826086956522e-05,0.008212765957446808,0.004083333333333334,0.0024782608695652175,0.009391304347826087,0.0032916666666666667,0.0023478260869565218,0.7355416666666666,0.08720833333333333,1.3860833333333333,0.36795833333333333,0.0,0.00508695652173913,0.012000000000000002,47.07692307692308,0.0022173913043478264,0.00025,0.00982608695652174,0.0016521739130434781,0.0007391304347826087,0.0055,2.173913043478261e-05,0.0,0.11,1.7995652173913044,0.0,0.0,0.0,247.41666666666666,0.044125,1171.6869565217391,20.325,0.7645454545454545,8.455696202531646,1.7645833333333334,464.3703703703704,0.01473913043478261,0.426,12.771929824561404,0.3982608695652174,0.0,0.0,0.0,0.0,0.0,0.0,0.0,1.903225806451613,0.0,0.0,0.0,0.0,0.0,0.0,0.0,0.0,0.0,0.0,0.0,0.0,0.0,0.0,0.0,0.0,0.0,33.8,0.0,0.0,4.1666666666666665e-05,0.0,0.0,0.0,0.0,0.75,0.0,0.0,0.0,0.0,10.0
0.0,0.0,0.0,0.0024000000000000002,0.01,0.0,0.0,0.0034000000000000002,0.1568,0.005,0.0014,0.022199999999999998,0.0178,0.003,0.40679999999999994,0.0172,0.5176000000000001,0.20259999999999997,0.0,0.007400000000000001,0.01,0.0,0.007400000000000001,0.0028,0.0052,0.0,0.0,0.0,0.0002,0.0,0.0,1.3199999999999998,0.5439999999999999,1.46,0.0,0.0,0.0,0.0,0.0,0.0,0.0,0.0,0.0,0.0,0.0,0.0,0.0,2.08,0.0,0.0,0.0,0.0,0.0,0.0,0.0,0.0,0.0,0.0,0.0,0.0,0.0,0.0,0.0,0.0,0.0,0.0,0.0,0.0,0.0,0.0,0.0,0.0,0.0,38.6,0.0,0.0,0.0,0.0,0.0,0.0,0.0,0.0,0.0,0.0,0.0,18.0
0.0,4.6499999999999995,0.0,0.005,0.007,0.0,0.0,0.0035,0.06375,0.0085,0.0005,0.006999999999999999,0.011,0.0035,0.4165,0.020999999999999998,0.516,0.21300000000000002,0.0,0.006500000000000001,0.0165,0.0,0.006500000000000001,0.0,0.0,0.0025,0.0,0.0005,0.0,0.8049999999999999,1.27,0.5333333333333333,0.63,0.9,0.0,212.0,0.229,471.6666666666667,71.13333333333334,2.19,152.66666666666666,1.8033333333333335,269.0,2.1666666666666665,0.0,0.0,0.0,1.6666666666666667,0.31,1.5899999999999999,0.45,0.0,0.0,0.0,0.0,0.0,0.0,0.0,0.0,0.0,0.0,0.0,0.0,0.0,0.0,0.0,0.0,0.0,0.0,0.0,0.0,126.0,0.0,29.266666666666666,0.0,0.0,0.25,0.87,0.0,0.0,50.333333333333336,0.0,0.0,0.915,0.0,18.0
0.065,0.805,0.0,0.0,0.0,0.0,0.0,0.0,0.0,0.0,0.0,0.0,0.0,0.0,0.0,0.0,0.0,0.0,0.0,0.0,0.0,0.0,0.0,0.0,0.0,0.0,0.0,0.0,0.0,0.7050000000000001,0.9850000000000001,0.0,0.0,0.0,0.0,27.666666666666668,0.05766666666666667,5.833333333333333,11.883333333333333,0.33,11.0,0.20166666666666666,259.8333333333333,0.12066666666666666,0.07500000000000001,0.0,0.0,0.0,0.02,0.0,0.0,4103.333333333333,392.6666666666667,4.25,27.191666666666666,0.0,0.0,0.0,0.0,0.0,0.0,0.0,0.0,0.0,0.0,0.0,0.0,0.0,0.0,0.0,0.0,0.0,0.0,0.0,0.0,0.0,0.11499999999999999,0.0,0.0,0.0,9.5,0.0,0.0,0.0,0.0,11.0
0.148,0.10999999999999999,0.415,0.0,0.008,0.0,0.0,0.0,0.00014285714285714287,0.002,0.0,0.001,0.0016666666666666668,0.001,0.022333333333333334,0.0016666666666666668,0.017333333333333336,0.009,0.0,0.0,0.0,2.6666666666666665,0.0,0.0033333333333333335,0.0,0.0,0.0,0.0,0.0,0.0,0.0025,0.0,0.37766666666666665,0.0,0.0,105.0,0.005666666666666667,41.333333333333336,12.0,0.01,128.66666666666666,0.44,163.33333333333334,0.0016666666666666668,0.052333333333333336,83.14285714285714,0.0,0.0,0.0,0.0,0.0,0.0,1.2,0.0,0.0,0.09133333333333334,0.22166666666666668,0.06966666666666667,0.3426666666666667,0.11933333333333333,0.17933333333333334,0.20233333333333334,0.16866666666666666,0.17033333333333334,0.04633333333333334,0.11666666666666665,0.0,0.038,0.3376666666666666,0.10133333333333333,0.2953333333333333,1.2333333333333334,2.3666666666666667,0.0,5.0633333333333335,0.0006666666666666666,0.0,0.0,0.0,0.021,3.1666666666666665,0.0,0.0,0.0,1.1333333333333335,1.0
0.0,0.0,0.0,0.0,0.0,0.0,0.0,0.0,0.0,0.0,0.0,0.0,0.0,0.0,0.0,0.0,0.0,0.0,0.0,0.0,0.0,0.0,0.0,0.0,0.0,0.0,0.0,0.0,0.0,0.0,0.0,0.0,0.0,0.0,0.0,667.0,0.877,0.0,162.0,6.93,98.0,3.65,1400.0,1.69,0.0,0.0,0.0,0.0,0.0,0.0,0.0,0.0,0.0,0.0,0.0,0.0,0.0,0.0,0.0,0.0,0.0,0.0,0.0,0.0,0.0,0.0,0.0,0.0,0.0,0.0,0.0,0.0,0.0,37.9,0.0,0.0,0.0,0.0,0.0,0.0,0.0,0.0,0.0,0.0,0.0,16.0
0.0,0.9879999999999999,0.0,0.0,0.0,0.0,0.0,0.0,0.0,0.0,0.0,0.0,0.0,0.0,0.0,0.0,0.0,0.0,0.0,0.0,0.0,0.0,0.0,0.0,0.0,0.0,0.0,0.0,0.0,0.0,0.0,0.0,0.0,0.0,0.0,102.2,0.159,1.0,22.4,0.868,16.6,0.74,141.8,0.6352,0.146,0.0,0.0,0.0,0.0,0.0,0.0,0.0,0.0,0.0,0.0,0.0,0.0,0.0,0.0,0.0,0.0,0.0,0.0,0.0,0.0,0.0,0.0,0.0,0.0,0.0,0.0,0.0,4.9399999999999995,0.0,0.0,0.0,0.0,0.0,0.0,0.0,0.0,0.0,0.0,0.0,0.0,20.0
0.0,1.12,0.0,0.0,0.0,0.0,0.0,0.0,0.0,0.0,0.0,0.0,0.0,0.0,0.0,0.0,0.0,0.0,0.0,0.0,0.0,0.0,0.0,0.0,0.0,0.0,0.0,0.0,0.0,0.0,0.0,0.0,0.0,0.0,0.0,63.5,0.16966666666666666,6.333333333333333,21.150000000000002,0.33666666666666667,9.666666666666666,1.3383333333333332,80.33333333333333,0.995,0.05333333333333334,0.0,0.0,0.0,0.0,0.0,0.0,0.0,0.0,0.0,0.0,0.0,0.0,0.0,0.0,0.0,0.0,0.0,0.0,0.0,0.0,0.0,0.0,0.0,0.0,0.0,0.0,0.0,2.0500000000000003,0.0,0.0,0.0,0.0,0.0,0.0,0.0,0.0,0.0,0.0,0.0,0.0,20.0
0.45475,6.905,0.0,0.0,0.0,0.0,0.0,0.0,0.0,0.0,0.0,0.0,0.0,0.0,0.0,0.0,0.0,0.0,0.0,0.0,0.0,0.0,0.0,0.0,0.0,0.0,0.0,0.0,0.0,0.0,0.0,0.0,0.0,0.0,0.0,0.0,0.0,0.0,0.0,0.0,0.0,0.0,0.0,0.0,0.9966666666666667,0.0,0.0,0.0,0.0,0.0,0.0,0.0,0.0,0.0,0.0,0.0,0.0,0.0,0.0,0.0,0.0,0.0,0.0,0.0,0.0,0.0,0.0,0.0,0.0,0.0,0.0,0.0,0.0,0.0,0.0,0.0,0.0,0.0,0.0,0.0,0.0,0.0,0.0,0.0,0.0,20.0
0.0,0.0,0.0,0.0,0.0,0.0,0.0,0.0,0.0,0.0,0.0,0.0,0.0,0.0,0.0,0.0,0.0,0.0,0.0,0.0,0.0,39.44444444444444,0.0,0.0,0.0,0.0,0.0,0.0,0.0,0.0,0.0,0.0,0.0,0.0,0.0,0.0,0.0,875.6666666666666,0.0,0.0,166.75,0.0,0.0,0.0,0.0,148.0,0.0,0.0,0.0,0.0,0.0,0.0,0.0,0.0,17.555555555555557,0.0,0.0,0.0,0.0,0.0,0.0,0.0,0.0,0.0,0.0,0.0,0.0,0.0,0.0,0.0,0.0,0.0,9.75,0.0,0.0,0.0,0.0,0.0,0.0,0.0,0.0,0.0,0.0,0.0,0.0,11.0
0.12785714285714286,5.5528571428571425,0.0,0.0,0.0,0.0,0.0,0.0,0.0,0.0,0.0,0.0,0.0,0.0,0.0,0.0,0.0,0.0,0.0,0.0,0.0,0.0,0.0,0.0,0.0,0.0,0.0,0.0,0.0,0.0,0.0,0.0,0.0,0.0,0.0,352.0,0.452,3.0,136.0,3.86,38.0,3.24,376.0,3.56,0.5041428571428571,0.0,0.0,0.0,0.0,0.0,0.0,0.0,0.0,0.0,0.0,0.0,0.0,0.0,0.0,0.0,0.0,0.0,0.0,0.0,0.0,0.0,0.0,0.0,0.0,0.0,0.0,0.0,23.6,0.0,0.0,0.0,0.0,0.0,0.0,0.0,39.0,0.0,0.0,0.0,0.0,20.0
0.4358333333333333,6.555,0.0,0.0,0.0,0.0,0.0,0.0,0.0,0.0,0.0,0.0,0.0,0.0,0.0,0.0,0.0,0.0,0.0,0.0,0.0,0.0,0.0,0.0,0.0,0.0,0.0,0.0,0.0,0.0,0.0,0.0,0.0,0.0,0.0,0.0,0.0,0.0,0.0,0.0,0.0,0.0,0.0,0.0,0.9531666666666666,0.0,0.0,0.0,0.0,0.0,0.0,0.0,0.0,0.0,0.0,0.0,0.0,0.0,0.0,0.0,0.0,0.0,0.0,0.0,0.0,0.0,0.0,0.0,0.0,0.0,0.0,0.0,0.0,0.0,0.0,0.0,0.0,0.0,0.0,0.0,0.0,0.0,0.0,0.0,0.0,20.0
0.0,0.20333333333333334,0.7833333333333333,0.0,0.018,0.0,0.0,0.0,0.0008333333333333334,0.014666666666666666,0.0,0.006666666666666667,0.007333333333333333,0.0033333333333333335,0.05566666666666666,0.0026666666666666666,0.04933333333333334,0.02266666666666667,0.0,0.0,0.0016666666666666668,5.0,0.0,0.0,0.0,0.0,0.0,0.0,0.0,0.0,0.01,0.0,0.0,0.0,0.0,132.83333333333334,0.016333333333333335,35.5,10.416666666666666,0.07333333333333333,109.66666666666667,0.505,141.16666666666666,0.0075,0.0,0.0,0.0,0.0,0.0,0.0,0.0,0.0,0.0,0.0,0.0,0.28,0.63,0.18,1.12,0.35,0.5,0.52,0.49,0.49,0.13,0.33,0.0,0.0,0.98,0.28,0.7,0.8,0.0,0.0,2.5,0.0030000000000000005,0.0,0.0,0.7,0.09,0.0,0.0,0.0,0.0,0.0,1.0
0.0076,5.988,0.0,0.0,0.0,0.0,0.0,0.0,0.0,0.0,0.0,0.0,0.0,0.0,0.0,0.0,0.0,0.0,0.0,0.0,0.0,0.0,0.0,0.0,0.0,0.0,0.0,0.0,0.0,0.0,0.0,0.0,0.0,0.0,0.0,319.0,0.28559999999999997,1.4,123.8,1.5,10.2,1.9100000000000001,265.2,2.836,0.2753333333333334,0.0,0.0,0.0,0.0,0.0,0.0,0.0,0.0,0.0,0.0,0.0,0.0,0.0,0.0,0.0,0.0,0.0,0.0,0.0,0.0,0.0,0.0,0.0,0.0,0.0,0.0,0.0,8.063333333333334,0.0,0.0,0.0,0.0,0.0,0.0,0.0,0.0,0.0,0.0,0.0,0.0,20.0
0.0,1.1916666666666667,0.0,0.0,0.0,0.0,0.0,0.0,0.0,0.0,0.0,0.0,0.0,0.0,0.0,0.0,0.0,0.0,0.0,0.0,0.0,0.0,0.0,0.0,0.0,0.0,0.0,0.0,0.0,0.0,0.0,0.0,0.0,0.0,0.0,94.0,0.209,5.0,22.9,0.22,6.0,1.19,75.0,0.892,0.08716666666666667,0.0,0.0,0.0,0.0,0.0,0.0,0.0,0.0,0.0,0.0,0.0,0.0,0.0,0.0,0.0,0.0,0.0,0.0,0.0,0.0,0.0,0.0,0.0,0.0,0.0,0.0,0.0,5.3,0.0,0.0,0.0,0.0,0.0,0.0,0.0,16.0,0.0,0.0,0.0,0.0,20.0
0.0,1.62,0.0,0.0036666666666666666,0.011333333333333334,0.0,0.0,0.015333333333333332,0.48333333333333334,0.011999999999999999,0.0036666666666666666,0.006333333333333333,0.005666666666666667,0.004666666666666667,1.5466666666666666,0.013999999999999999,3.01,0.5996666666666667,0.0,0.030333333333333334,0.037,0.0,0.04133333333333333,0.0,0.0,0.04766666666666666,0.0,0.0,0.0,5.06,0.71,1.0333333333333334,0.4,0.7666666666666666,0.0,87.4,0.1018,306.2,26.18,0.844,23.8,0.9099999999999999,155.2,0.5776,0.0,0.0,1.5666666666666667,1.1333333333333335,2.1866666666666665,0.26,0.0,0.0,0.0,0.0,1.7,0.0,0.0,0.0,0.0,0.0,0.0,0.0,0.0,0.0,0.0,0.0,0.0,0.0,0.0,0.0,0.0,36.4,0.0,29.266666666666666,0.0,0.0,2.8200000000000003,0.0,0.0,0.0,27.0,0.0,0.0,0.0,0.0,11.0
0.0,0.0,0.0,0.0,0.0,0.0,0.0,0.0,0.0,0.0,0.0,0.0,0.0,0.0,0.0,0.0,0.0,0.0,0.0,0.0,0.0,1696.4705882352941,0.0,0.0,0.0,0.0,0.0,0.0,0.0,0.0,0.0,0.0,0.0,0.0,0.0,770.3529411764706,0.0,485.11764705882354,44.60588235294117,6.972352941176471,219.64705882352942,5.023529411764706,467.94117647058823,0.0,0.0,0.0,0.0,0.0,0.0,0.0,0.0,0.0,0.0,0.0,0.0,0.0,0.0,0.0,0.0,0.0,0.0,0.0,0.0,0.0,0.0,0.0,0.0,0.0,0.0,0.0,0.0,0.0,0.0,0.0,0.0,0.0,0.0,0.0,0.0,0.0,0.0,0.0,0.0,0.0,0.0,1.0
0.0,0.0,0.0,0.0,0.0,0.0,0.0,0.0,0.0,0.0,0.0,0.0,0.0,0.0,0.0,0.0,0.0,0.0,0.0,0.0,0.0,2345.294117647059,0.0,0.0,0.0,0.0,0.0,0.0,0.0,0.0,0.0,0.0,0.0,0.0,0.0,982.1176470588235,0.0,149.0,25.96470588235294,9.282941176470588,270.52941176470586,7.105294117647059,231.05882352941177,0.0,0.0,0.0,0.0,0.0,0.0,0.0,0.0,0.0,0.0,0.0,0.0,0.0,0.0,0.0,0.0,0.0,0.0,0.0,0.0,0.0,0.0,0.0,0.0,0.0,0.0,0.0,0.0,0.0,0.0,0.0,0.0,0.0,0.0,0.0,0.0,0.0,0.0,0.0,0.0,0.0,0.0,1.0
0.14066666666666666,0.115,0.6124999999999999,0.0009166666666666666,0.08424999999999999,0.0,0.00016666666666666666,8.333333333333333e-05,0.0015833333333333333,0.020583333333333332,0.00325,0.024333333333333332,0.02366666666666667,0.0095,0.23875,0.011000000000000001,0.1725,0.08850000000000001,0.0,0.001,0.0004166666666666667,5.125,0.0003333333333333333,0.01966666666666667,0.0,0.0,0.0065,0.0005416666666666668,0.0,0.0,0.016666666666666666,0.0,0.3681666666666667,0.0,0.0,103.66666666666667,0.0009166666666666666,39.25,12.108333333333334,0.0,127.25,0.43,159.33333333333334,0.0,0.056416666666666664,57.666666666666664,0.0,0.0,0.0,0.0,0.0,0.0,0.9166666666666666,0.0,0.0,0.09249999999999999,0.21083333333333334,0.07,0.35000000000000003,0.1275,0.17416666666666666,0.19416666666666668,0.16666666666666666,0.16666666666666666,0.04583333333333334,0.11166666666666668,0.0,0.03666666666666667,0.3416666666666666,0.09916666666666667,0.2866666666666667,0.9,2.3333333333333335,0.0,4.966666666666667,0.01325,0.0,0.0,0.0,0.0,1.75,0.0,0.0,0.0,1.0666666666666667,1.0
0.0,0.6533333333333333,1.6333333333333335,0.004625,0.00425,0.11625,0.003875,0.0,0.0011250000000000001,0.0016250000000000001,0.000125,0.003875,0.00125,0.001,0.087375,0.003375,0.048375,0.028499999999999998,0.001375,0.00025,0.0095,46.0,0.000125,0.002375,0.0,0.0,0.0,0.0011875,0.0053750000000000004,0.0,0.49,0.0,0.23666666666666666,0.0,0.0,284.0,0.03075,333.25,16.1125,0.22125,14.875,0.3075,159.625,0.011,0.0,0.0,0.0,0.0,0.0,0.0,0.0,0.0,0.0,0.0,0.0,0.4,0.67,0.59,0.5,0.93,0.62,0.54,0.49,0.51,0.18,0.75,0.0,0.0,1.06,0.28,1.31,0.0,0.0,0.0,0.0,0.000125,0.0,0.0,0.0,0.14,0.0,0.0,0.0,0.0,0.19999999999999998,15.0
0.03,0.867,0.0,0.011000000000000001,0.069,0.001,0.0030000000000000005,0.008,0.32975,0.008,0.01,0.035,0.007,0.005,1.4184999999999999,0.10266666666666667,2.781,0.607,0.0,0.023,0.056,0.0,0.012,0.004,0.004,0.001,0.003,0.005666666666666667,0.001,4.13,0.36,0.0,0.303,0.32,0.0,144.0,0.141,305.0,53.8,1.46,51.0,0.94,305.0,0.344,0.077,0.0,0.76,0.22,0.04,0.02,0.01,0.0,0.0,7.4,0.0,0.1015,0.2625,0.213,0.305,0.298,0.223,0.3145,0.1405,0.295,0.056,0.295,0.0,0.0,0.534,0.167,0.5529999999999999,0.8,7.0,23.59,0.0,0.002,0.66,0.11,0.0,0.0785,0.0,0.0,0.0,0.27,0.0,25.0
0.0,0.0,0.0,0.0,0.0,0.0,0.0,0.0,0.0,0.0,0.0,0.0,0.0,0.0,0.0,0.0,0.0,0.0,0.0,0.0,0.0,0.0,0.0,0.0,0.0,0.0,0.0,0.0,0.0,0.0,0.0,0.0,0.0,0.0,0.0,101.0,0.092,1080.0,44.5,1.58,64.0,0.6,142.0,0.344,0.0,0.0,0.0,0.0,0.0,0.0,0.0,0.0,0.0,0.0,0.0,0.0,0.0,0.0,0.0,0.0,0.0,0.0,0.0,0.0,0.0,0.0,0.0,0.0,0.0,0.0,0.0,0.0,0.0,0.0,0.0,0.0,0.0,0.0,0.0,0.0,0.0,0.0,0.0,0.0,0.0,2.0
0.0,0.8666666666666667,0.0,0.011333333333333334,0.06899999999999999,0.0013333333333333333,0.0028333333333333335,0.007833333333333333,0.3295,0.007833333333333333,0.009666666666666667,0.035333333333333335,0.007333333333333333,0.0055000000000000005,1.418,0.1025,2.77,0.6075,0.0,0.023500000000000004,0.055999999999999994,0.0,0.012166666666666666,0.003833333333333333,0.0045,0.0013333333333333333,0.0,0.0045,0.0013333333333333333,4.133333333333334,0.36000000000000004,0.0,0.30333333333333334,0.315,0.0,144.33333333333334,0.14133333333333334,305.3333333333333,53.63333333333333,1.46,51.333333333333336,0.9433333333333334,304.8333333333333,0.3441666666666667,0.0,0.0,0.7633333333333333,0.21166666666666667,0.04,0.013333333333333334,0.006666666666666667,0.0,0.0,7.3999999999999995,0.0,0.10333333333333333,0.26666666666666666,0.21666666666666667,0.31,0.3033333333333333,0.22666666666666666,0.32,0.14333333333333334,0.3,0.056666666666666664,0.3,0.0,0.0,0.5433333333333333,0.17,0.5633333333333334,0.8,0.0,23.583333333333332,0.0,0.0023333333333333335,0.6633333333333334,0.10666666666666667,0.0,0.08,0.0,0.0,0.0,0.27,0.0,25.0
0.0,0.0,0.0,0.0,0.0,0.0,0.0,0.0,0.0,0.0,0.0,0.0,0.0,0.0,0.0,0.0,0.0,0.0,0.0,0.0,0.0,0.8,0.0,0.0,0.0,0.0,0.0,0.0,0.0,0.0,0.0,0.0,0.0,0.0,0.0,0.0,0.0,158.32203389830508,10.6,0.056140350877192984,6.232142857142857,0.019375,149.73469387755102,0.0,0.0,0.0,0.0,0.0,0.0,0.0,0.0,0.0,0.0,0.0,0.0,0.0,0.0,0.0,0.0,0.0,0.0,0.0,0.0,0.0,0.0,0.0,0.0,0.0,0.0,0.0,0.0,0.0,0.0,0.0,0.0,0.0,0.0,0.0,0.0,0.0,0.0,0.0,0.0,0.0,0.0,1.0
0.2982,3.4299999999999997,0.0,0.0,0.0,0.0,0.0,0.0,0.0,0.0,0.0,0.0,0.0,0.0,0.0,0.0,0.0,0.0,0.0,0.0,0.0,0.0,0.0,0.0,0.0,0.0,0.0,0.0,0.0,0.0,0.0,0.0,0.0,0.0,0.0,726.0,1.514,2.0,313.0,7.336,337.6,4.436,2484.0,3.812,0.542,0.0,0.0,0.0,0.0,0.0,0.0,0.0,0.0,0.0,0.0,0.622,2.314,1.786,2.836,3.934,2.314,2.698,1.7440000000000002,2.8600000000000003,0.616,2.8600000000000003,0.176,1.01,4.106,1.272,4.978,0.0,45.82,0.0,0.0,0.0,0.0,0.0,0.0,0.0,0.0,0.0,0.0,0.0,0.0,16.0
0.13675,0.1125,0.5458333333333333,0.0026666666666666666,0.18133333333333335,0.0,0.0007500000000000001,0.0003333333333333333,0.0032916666666666667,0.049249999999999995,0.007416666666666666,0.0525,0.057499999999999996,0.01941666666666667,0.5119166666666667,0.024333333333333332,0.3575,0.18391666666666664,0.0,0.002,0.0012083333333333334,7.88,0.0011666666666666668,0.04133333333333333,0.0004166666666666667,0.00025,0.014333333333333332,0.001,0.0,0.0,0.028333333333333332,0.0,0.38966666666666666,0.0,0.0,103.33333333333333,0.0014166666666666668,38.916666666666664,11.958333333333334,0.0,125.83333333333333,0.43,158.66666666666666,0.0007500000000000001,0.05933333333333333,82.83333333333333,0.0,0.0,0.0,0.0,0.0,0.0,2.25,0.0,0.0,0.08916666666666667,0.21333333333333335,0.06833333333333334,0.33249999999999996,0.125,0.17333333333333334,0.19666666666666666,0.165,0.16333333333333333,0.0425,0.11333333333333334,0.0,0.034999999999999996,0.33499999999999996,0.09916666666666667,0.29083333333333333,0.7333333333333334,1.8333333333333333,0.0,4.89,0.03183333333333333,0.0,0.0,0.0,0.0,1.5833333333333333,0.0,0.0,0.0,1.125,1.0
0.0,0.0,0.0,0.0,0.0,0.0,0.0,0.0,0.0,0.0,0.0,0.0,0.0,0.0,0.0,0.0,0.0,0.0,0.0,0.0,0.0,1000.1333333333333,0.0,0.0,0.0,0.0,0.0,0.0,0.0,0.0,0.0,0.0,0.0,0.0,0.0,443.26666666666665,0.0,65.86666666666666,11.226666666666667,4.128,119.33333333333333,2.9306666666666668,102.46666666666667,0.06813333333333334,0.0,0.0,0.0,0.0,0.0,0.0,0.0,0.0,0.0,0.0,0.0,0.0,0.0,0.0,0.0,0.0,0.0,0.0,0.0,0.0,0.0,0.0,0.0,0.0,0.0,0.0,0.0,0.0,0.0,0.0,0.0,0.0,0.0,0.0,0.0,0.0,0.0,0.0,0.0,0.0,5.760000000000001,1.0
0.131,0.11666666666666665,0.5741666666666667,8.333333333333333e-05,0.016166666666666666,0.0,0.0,0.0,0.00020833333333333335,0.004166666666666667,0.0005,0.0034999999999999996,0.005,0.0021666666666666666,0.04800000000000001,0.002166666666666667,0.03216666666666667,0.0165,0.0,8.333333333333333e-05,8.333333333333333e-05,2.48,0.00016666666666666666,0.005083333333333333,0.0,0.0,0.0009166666666666666,4.1666666666666665e-05,0.0,0.0,0.011666666666666667,0.0,0.38799999999999996,0.0,0.0,106.25,0.0019166666666666666,41.166666666666664,12.375,0.0,130.25,0.445,167.0,0.001,0.055999999999999994,64.25,0.0,0.0,0.0,0.0,0.0,0.0,1.6666666666666667,0.0,0.0,0.09249999999999999,0.22083333333333333,0.07,0.3466666666666667,0.13083333333333333,0.18166666666666667,0.2025,0.16833333333333333,0.1691666666666667,0.04666666666666667,0.1175,0.0,0.03666666666666667,0.3466666666666667,0.10083333333333333,0.29833333333333334,0.9333333333333332,1.75,0.0,5.0441666666666665,0.0023333333333333335,0.0,0.0,0.0,0.0,2.0,0.3333333333333333,0.16666666666666666,0.0,1.0999999999999999,1.0
0.0,3.3633333333333333,1.8333333333333333,0.008875,0.00425,0.08875,0.004625,0.0,0.0016250000000000001,0.001375,0.0,0.0025,0.001375,0.0011250000000000001,0.06275,0.003375,0.0365,0.020125,0.0,0.000125,0.004875,54.0,0.0,0.00125,0.0011250000000000001,0.0,0.0,0.0009375,0.003875,0.0,0.45,0.0,0.4033333333333333,0.0,0.0,227.125,0.020749999999999998,213.0,21.1,0.1675,11.0,0.325,286.375,0.011,0.0,0.0,0.0,0.0,0.0,0.0,0.0,0.0,0.0,0.0,0.0,0.0,0.0,0.0,0.0,0.0,0.0,0.0,0.0,0.0,0.0,0.0,0.0,0.0,0.0,0.0,0.0,0.0,0.0,0.0,0.0,0.0,0.0,0.0,0.0,0.0,0.0,0.0,0.0,0.0,0.4666666666666666,15.0
0.0,0.09,0.375,0.0022500000000000003,0.19175,0.0,0.0005,0.00025,0.0035,0.05575,0.00975,0.04725,0.05825,0.02075,0.5515,0.02675,0.38925,0.18875,0.0,0.00275,0.0025,12.0,0.0005,0.03775,0.0,0.0,0.0,0.0011250000000000001,0.0,0.0,0.07500000000000001,0.0,0.57,0.0,0.0,150.75,0.046,272.5,9.05,0.16,128.25,0.4,123.5,0.015,0.0,0.0,0.0,0.0,0.0,0.0,0.0,0.0,0.0,0.0,0.0,0.0,0.0,0.0,0.0,0.0,0.0,0.0,0.0,0.0,0.0,0.0,0.0,0.0,0.0,0.0,0.0,0.0,0.0,0.0,0.0,0.03225,0.0,0.0,0.0,0.0,7.0,0.0,0.0,0.0,0.0,1.0
0.13776923076923078,0.105,0.505,0.004461538461538462,0.30323076923076925,0.0,0.0016923076923076922,0.0008333333333333334,0.00612,0.08407692307692308,0.013333333333333334,0.08191666666666667,0.09692307692307692,0.03233333333333333,0.8573076923076923,0.03992307692307692,0.6182307692307691,0.30900000000000005,0.0,0.004166666666666667,0.0022,11.6875,0.00175,0.06738461538461539,0.0007500000000000001,0.0009166666666666666,0.024249999999999997,0.0018333333333333333,0.0,0.0,0.04,0.0,0.3615,0.0,0.0,101.16666666666667,0.001,37.833333333333336,11.866666666666667,0.0,122.91666666666667,0.41333333333333333,150.0,0.0,0.055615384615384615,31.285714285714285,0.0,0.0,0.0,0.0,0.0,0.0,5.923076923076923,0.3,0.0,0.09000000000000001,0.20666666666666667,0.06916666666666667,0.3333333333333333,0.12666666666666668,0.17333333333333334,0.18833333333333332,0.1625,0.16083333333333333,0.043333333333333335,0.11,0.0,0.0375,0.3333333333333333,0.09666666666666666,0.2791666666666667,0.75,1.8826086956521737,0.0,4.809166666666667,0.05438461538461538,0.0,0.0,0.0,0.0,0.0,0.0,0.0,0.0,0.9583333333333334,1.0
0.0,0.0,0.0,0.0,16.660000000000004,0.0,0.0,0.0314,0.008900000000000002,5.382,0.0,0.0218,41.760000000000005,0.014799999999999999,8.682,0.016399999999999998,6.246,2.524,0.0,0.0766,0.040999999999999995,0.0,0.0194,0.010400000000000001,0.0,0.0,0.0,0.0,0.0,0.0,0.16999999999999998,0.0,0.0,0.0,0.0,0.0,0.0,0.0,0.0,0.056666666666666664,1.0,0.016666666666666666,0.0,0.0,0.0,0.0,0.0,0.0,0.63,0.15500000000000003,0.33,0.0,0.0,0.6,0.0,0.0,0.0,0.0,0.0,0.0,0.0,0.0,0.0,0.0,0.0,0.0,0.0,0.0,0.0,0.0,0.0,0.0,0.0,0.0,0.0,0.48100000000000004,0.21500000000000002,2.38,0.0,0.0,0.0,0.0,0.0,0.445,0.0,4.0
0.0,0.0,0.0,0.0,0.0,0.0,0.0,0.0,0.0,0.0,0.0,0.0,0.0,0.0,0.0,0.0,0.0,0.0,0.0,0.0,0.0,0.0,0.0,0.0,0.0,0.0,0.0,0.0,0.0,2.13,0.355,0.0,0.0,0.0,0.0,0.0,0.0,0.0,0.0,0.0,0.0,0.0,0.0,0.0,0.0,0.0,0.0,0.0,0.02,0.0,0.0,0.0,0.0,0.0,0.0,0.0,0.0,0.0,0.0,0.0,0.0,0.0,0.0,0.0,0.0,0.0,0.0,0.0,0.0,0.0,0.0,0.0,0.0,0.0,0.0,0.0,0.11,0.07500000000000001,0.0,0.0,0.0,0.0,0.0,0.0,0.0,2.0
0.05,1.2933333333333332,0.0875,0.03414285714285714,0.09814285714285716,0.0017142857142857144,0.005285714285714285,0.0035,0.0992857142857143,0.009285714285714286,0.011500000000000002,0.03933333333333333,0.009142857142857144,0.0055000000000000005,1.6922857142857144,0.1484285714285714,2.9757142857142855,0.8175714285714285,0.0,0.018166666666666668,0.05542857142857143,20.0,0.006166666666666667,0.0027142857142857142,0.01,0.0031666666666666666,0.0,0.006833333333333334,0.0005,4.125,0.395,0.0,0.365,0.0,0.0,119.71428571428571,0.05028571428571428,473.0,26.157142857142855,0.8657142857142857,75.0,1.1971428571428573,151.57142857142858,0.18633333333333332,0.04,6.5,0.24,0.20833333333333334,0.025,0.005,0.06999999999999999,85.0,113.0,5.1,16.4,0.165,0.27999999999999997,0.275,0.3,0.355,0.245,0.245,0.17,0.235,0.06,0.35,0.0,0.0,0.5,0.175,0.555,0.0,9.8,12.533333333333333,0.0,0.0014285714285714284,0.375,0.065,0.0,0.07500000000000001,34.5,58.0,0.0,0.135,0.0,25.0
0.0,0.54,0.0,0.0,0.005,0.0,0.0,0.011,0.2,0.022,0.0,0.0,0.004,0.003,0.132,0.008,0.892,0.042,0.0,0.025,0.354,0.0,0.018,0.0,0.0,0.002,0.0,0.0,0.0,2.1799999999999997,0.31,0.38,0.22,0.0,0.0,104.66666666666667,0.0685,1061.6666666666667,47.300000000000004,1.6733333333333331,61.166666666666664,0.6083333333333333,158.5,0.41650000000000004,0.0,0.0,0.18,0.18,0.0,0.0,0.0,0.0,53.5,1.35,0.0,0.0,0.0,0.0,0.0,0.0,0.0,0.0,0.0,0.0,0.0,0.0,0.0,0.0,0.0,0.0,0.0,0.0,0.0,0.7,0.0,0.0,0.05,0.0,0.0,0.0,7.5,29.0,1.5,0.0,0.0,2.0
0.0,0.0,0.0,0.020555555555555556,0.0115,0.19394444444444445,0.003666666666666667,0.0028333333333333335,0.0008888888888888889,0.0,0.0,0.0015,0.0,0.005111111111111111,0.13516666666666666,0.01622222222222222,0.084,0.05455555555555555,0.0,0.002,0.0012777777777777779,0.0,0.0028333333333333335,0.0008888888888888889,0.0016666666666666666,0.0002777777777777778,0.0,0.0001388888888888889,0.004416666666666667,0.0,0.0,0.0,0.0,0.0,0.0,0.0,0.0,0.0,0.0,0.0,0.0,0.0,0.0,0.0,0.0,0.0,0.0,0.0,0.0,0.0,0.0,0.0,0.0,0.0,0.0,0.0,0.0,0.0,0.0,0.0,0.0,0.0,0.0,0.0,0.0,0.0,0.0,0.0,0.0,0.0,0.0,0.0,0.0,0.0,0.0,0.0,0.0,0.0,0.0,0.0,0.0,0.0,0.0,0.0,0.0,15.0
0.0,0.0,0.0,0.097,0.019,0.008,0.011,0.0,0.037,0.0,0.004,0.012,0.002,0.003,0.717,0.179,1.13,0.233,0.0,0.003,0.013,0.0,0.005,0.001,0.024,0.006,0.0,0.008,0.0,0.0,0.0,0.0,0.0,0.0,0.0,0.0,0.0,0.0,0.0,0.0,0.0,0.0,0.0,0.0,0.0,0.0,0.0,0.0,0.0,0.0,0.0,0.0,0.0,0.0,0.0,0.54,0.92,0.9,0.79,1.37,0.91,0.81,0.72,0.77,0.22,1.15,0.0,0.0,1.62,0.55,1.88,0.0,0.0,0.0,0.0,0.0,0.0,0.0,0.0,0.22,0.0,0.0,0.0,0.0,0.0,5.0
0.0,0.0,0.0,0.0023333333333333335,0.011666666666666667,0.0,0.0,0.005333333333333333,0.059,0.0,0.0023333333333333335,0.0036666666666666666,0.0,0.0003333333333333333,0.34600000000000003,0.006666666666666667,0.574,0.11199999999999999,0.0,0.008666666666666668,0.006000000000000001,0.0,0.007666666666666666,0.0,0.0,0.005333333333333333,0.0,0.0,0.0,0.0,0.0,0.12333333333333334,0.0,0.0,0.0,44.416666666666664,0.08625,361.3333333333333,9.658333333333333,0.4608333333333334,11.25,0.6858333333333334,69.25,0.42775,0.0,0.0,0.3666666666666667,0.12333333333333334,0.0,0.0,0.0,3.0,128.0,0.0,0.0,0.0,0.0,0.0,0.0,0.0,0.0,0.0,0.0,0.0,0.0,0.0,0.0,0.0,0.0,0.0,0.0,0.2,0.0,0.0,0.0,0.0,0.0,0.0,0.0,0.0,0.0,0.0,38.0,0.0,0.0,25.0
0.115,0.9483333333333334,0.0,0.004833333333333334,0.008833333333333334,0.0,0.0,0.02716666666666667,0.3183333333333333,0.0,0.0025,0.005999999999999999,0.0,0.0035,1.4116666666666668,0.020833333333333332,6.251666666666668,0.6335000000000001,0.0,0.07866666666666666,0.08383333333333333,0.0,0.044333333333333336,0.0,0.0,0.0195,0.0,0.0,0.004833333333333333,9.466666666666667,1.745,0.0,0.3175,0.0,0.0,115.46153846153847,0.2721025641025641,412.74911660777383,71.10909090909091,2.435035971223021,45.0863309352518,1.3790909090909091,148.9041095890411,0.49166666666666664,0.15,287.94972067039106,0.185,0.15,0.305,0.0,0.0,0.0,12.0,17.25,5.432795698924731,0.0,0.0,0.0,0.0,0.0,0.0,0.0,0.0,0.0,0.0,0.0,0.0,0.0,0.0,0.0,0.0,0.2,16.15,8.116666666666667,0.0,0.0,1.3016666666666665,0.0,0.0,0.0,78.94444444444444,3.0,0.0,0.0,0.0,16.0
0.121,0.986,0.0,0.005333333333333333,0.009,0.0,0.0,0.0275,0.45483333333333337,0.0,0.0025,0.006,0.0,0.0035,1.536,0.018333333333333337,5.586666666666666,0.6805,0.0,0.077,0.0695,0.0,0.0445,0.0,0.0,0.017,0.0,0.0,0.003,10.245000000000001,1.0933333333333335,0.0,0.33199999999999996,0.0,0.0,173.5,0.3625,432.0,73.05,2.475,44.0,1.41,300.5,1.1075,0.155,6.25,0.26,0.21500000000000002,0.325,0.0,0.0,0.0,12.0,20.0,0.0,0.0,0.0,0.0,0.0,0.0,0.0,0.0,0.0,0.0,0.0,0.0,0.0,0.0,0.0,0.0,0.0,0.2,10.45,8.1,0.0,0.0,1.69,0.0,0.0,0.0,36.0,3.0,0.0,0.0,0.0,16.0
0.0,8.36,3.0,0.02666666666666667,0.015666666666666666,0.232,0.006333333333333333,0.002,0.005333333333333333,0.004,0.0,0.001,0.0013333333333333333,0.007333333333333333,0.16533333333333333,0.02033333333333333,0.11733333333333333,0.06133333333333333,0.0,0.0023333333333333335,0.005,36.0,0.0030000000000000005,0.0,0.0026666666666666666,0.0,0.0,0.0003333333333333333,0.002,0.0,0.0,0.0,0.148,0.0,0.0,127.33333333333333,0.049833333333333334,236.5,20.849999999999998,1.6283333333333332,19.166666666666668,0.6533333333333333,168.0,0.01883333333333333,0.0,0.0,0.0,0.0,0.0,0.0,0.0,0.0,0.0,0.0,0.0,0.0,0.0,0.0,0.0,0.0,0.0,0.0,0.0,0.0,0.0,0.0,0.0,0.0,0.0,0.0,0.0,0.0,0.0,0.0,0.0,0.0,0.0,0.0,0.0,0.0,0.0,0.0,0.0,0.0,1.3,15.0
0.0,13.533333333333331,0.0,0.017666666666666667,0.022333333333333334,0.0,0.0,0.7305,0.012916666666666667,0.0,0.011000000000000001,0.013,0.0,0.005833333333333334,4.806666666666667,0.0305,24.400000000000002,2.103333333333333,0.0,0.6685,0.5884999999999999,0.0,1.5,0.0,0.0,0.0005,0.0,0.005,0.0,7.26,9.045,0.0,1.04,0.0,0.0,345.6666666666667,0.4086666666666667,435.5,170.83333333333334,1.6450000000000002,46.333333333333336,2.5866666666666664,574.0,1.6833333333333333,0.0,0.0,10.733333333333334,0.0,0.555,0.0,0.0,0.0,0.0,0.0,0.0,0.0,0.0,0.0,0.0,0.0,0.0,0.0,0.0,0.0,0.0,0.0,0.0,0.0,0.0,0.0,0.0,0.0,0.0,3.5999999999999996,0.0,0.0,0.565,0.0,0.0,0.0,89.0,0.0,0.0,0.0,0.0,16.0
0.1915,13.206,0.0,0.018,0.0205,0.0,0.0,0.73,0.018333333333333333,0.0,0.011,0.0385,0.0,0.006,4.7455,0.03,24.76,2.1705,0.0,0.7155,0.5783333333333333,0.0,1.6865,0.0,0.0,0.001,0.0,0.006666666666666667,0.0,7.58,6.07,0.135,1.1235,0.0,0.0,337.0,0.421,427.5,168.5,1.7349999999999999,49.0,2.525,561.0,1.6724999999999999,0.14400000000000002,0.0,10.225,0.125,0.52,0.0,0.0,0.0,0.0,0.3,0.0,0.265,0.782,1.437,1.408,2.768,0.616,1.481,0.829,1.202,0.231,0.916,0.0,0.0,1.546,0.557,3.054,0.8,4.1,3.5949999999999998,0.0,0.0,0.715,0.0,0.0,0.229,69.4,0.0,0.0,0.0,0.0,16.0
0.0,5.4175,1.2,0.1085,0.068,0.00775,0.009999999999999998,0.001,0.060375,0.0035,0.0135,0.07375,0.010499999999999999,0.010249999999999999,1.4775,0.26549999999999996,2.4375,0.56575,0.0,0.00725,0.029249999999999998,74.0,0.0022500000000000003,0.00275,0.01975,0.006,0.0,0.00575,0.00575,0.13,0.11,0.0,1.0,0.0,0.0,193.0,0.10675000000000001,69.5,21.275000000000002,1.1675,20.75,2.5324999999999998,213.0,0.00825,0.0,0.0,0.0,0.0,0.0,0.0,0.0,0.0,0.0,0.0,0.0,0.54,0.84,1.07,0.84,1.35,0.81,0.79,0.64,0.71,0.21,1.16,0.2,0.0,1.51,0.51,1.77,7.1,0.0,0.0,0.0,0.0,0.02,0.02,0.0,0.2,0.0,0.0,0.0,0.04,0.0,5.0
0.29,5.81,0.81,0.07,0.08549999999999999,0.006,0.007,0.003,0.08524999999999999,0.0015,0.0325,0.0975,0.028999999999999998,0.011,1.6,0.153,2.565,0.639,0.0,0.0115,0.044,72.0,0.0055,0.0015,0.012,0.006,0.010499999999999999,0.0045,0.0055,0.17,0.21,0.0,1.01,0.0,0.0,158.5,0.0645,494.5,18.05,1.005,6.0,2.285,258.0,0.0,0.047,0.0,0.0,0.0,0.0,0.0,0.0,0.0,0.0,0.0,0.0,0.0,0.0,0.0,0.0,0.0,0.0,0.0,0.0,0.0,0.0,0.0,0.0,0.0,0.0,0.0,0.0,0.0,0.0,0.0,0.0,0.0,0.0,0.0,0.0,0.0,0.0,0.0,0.0,0.0,0.0,7.0
0.0,0.0,0.0,0.052909090909090906,0.042090909090909095,0.0005454545454545455,0.005090909090909091,0.0,0.0066363636363636356,0.0029090909090909093,0.0033636363636363634,0.009000000000000001,0.0013636363636363635,0.0008181818181818183,0.7096363636363636,0.08981818181818181,1.3509090909090908,0.3483636363636364,0.0,0.004909090909090909,0.026636363636363635,0.0,0.0005454545454545455,0.0,0.009818181818181818,0.0,0.0,0.004318181818181818,0.0,0.0,0.0,0.0,0.0,0.0,0.0,0.0,0.0,0.0,0.0,0.0,0.0,0.0,0.0,0.0,0.0,0.0,0.0,0.0,0.0,0.0,0.0,0.0,0.0,0.0,0.0,0.0,0.0,0.0,0.0,0.0,0.0,0.0,0.0,0.0,0.0,0.0,0.0,0.0,0.0,0.0,0.0,0.0,0.0,0.0,0.0,0.0,0.0,0.0,0.0,0.0,0.0,0.0,0.0,0.0,0.0,7.0
1.57375,3.095,0.0,0.0,0.0,0.0,0.0,0.0,0.0,0.0,0.0,0.0,0.0,0.0,0.0,0.0,0.0,0.0,0.0,0.0,0.0,0.0,0.0,0.0,0.0,0.0,0.0,0.0,0.0,0.0,0.0,0.0,0.23666666666666666,0.0,0.0,455.61538461538464,0.8698461538461538,255.46153846153845,258.53846153846155,3.1692307692307695,273.15384615384613,2.803846153846154,683.5384615384615,2.020769230769231,0.0,0.0,0.0,0.0,0.0,0.0,0.0,0.0,0.0,0.0,0.0,0.0,0.0,0.0,0.0,0.0,0.0,0.0,0.0,0.0,0.0,0.0,0.0,0.0,0.0,0.0,0.0,0.0,0.0,0.0,0.0,0.0,0.0,0.0,0.0,0.0,35.125,0.0,0.0,0.0,0.0,12.0
0.0,0.0,0.0,0.02,0.021666666666666667,0.0,0.0,0.18366666666666667,0.029666666666666664,0.0,0.005999999999999999,0.21266666666666667,0.0,0.009,2.2566666666666664,0.029333333333333333,33.166666666666664,2.1333333333333333,0.0,0.18166666666666664,0.14566666666666667,0.0,0.543,0.0,0.0,0.0016666666666666668,0.0,0.0,0.007,0.9633333333333333,19.666666666666668,0.0,0.0,0.0,0.0,0.0,0.0,0.0,0.0,0.0,0.0,0.0,0.0,0.0,0.47333333333333333,0.0,3.1366666666666667,0.0,0.9933333333333333,0.0,0.0,0.0,10.0,1.2,0.0,0.0,0.0,0.0,0.0,0.0,0.0,0.0,0.0,0.0,0.0,0.0,0.0,0.0,0.0,0.0,0.0,8.7,0.0,1.5,0.0,0.0,0.32666666666666666,0.04666666666666667,0.0,0.0,0.0,1.0,0.0,0.0,0.0,12.0
0.0,0.07,1.64,0.037,2.192,0.0021999999999999997,0.016999999999999998,0.008799999999999999,0.1142,0.5875999999999999,0.136,0.6376000000000001,0.6658,0.22999999999999998,6.148,0.3388,5.13,2.576,0.0026000000000000003,0.0382,0.0416,78.2,0.0132,0.5096,0.0086,0.009,0.0,0.014799999999999999,0.0026000000000000003,0.044,0.4779999999999999,0.0,0.388,0.0,0.0,449.8,0.0268,1816.0,25.72,0.174,628.2,3.136,118.2,0.017599999999999998,0.0,0.0,0.0,0.0,0.002,0.014000000000000002,0.034,0.0,33.0,1.5,0.0,0.535,1.475,0.435,2.385,0.91,1.165,1.37,1.275,1.17,0.31,0.75,0.0,0.0,2.29,0.675,1.82,0.4,0.0,0.0,0.25,0.4,0.0,0.074,0.205,0.15,0.0,2.5,0.0,0.11200000000000002,1.8,1.0
0.0,0.0,0.0,0.15159259259259258,0.44748148148148154,0.0057777777777777775,0.02377777777777778,0.0028148148148148147,0.11838888888888889,0.032074074074074074,0.04159259259259259,0.11007407407407407,0.030962962962962963,0.017518518518518517,7.556666666666667,0.8088518518518518,14.014814814814814,3.7218518518518517,0.0,0.06762962962962964,0.13805555555555557,0.0,0.012814814814814814,0.002666666666666667,0.04314814814814815,0.011222222222222222,0.007555555555555556,0.034444444444444444,0.0021111111111111113,0.0,0.0,0.0,0.0,0.0,0.0,467.1818181818182,0.17718181818181816,1783.6363636363637,38.36363636363637,1.2018181818181817,13.727272727272727,3.7681818181818185,598.2727272727273,0.0,0.0,0.0,3.5554166666666664,0.0,0.0,0.0,0.0,0.0,0.0,0.0,0.0,0.0,0.0,0.0,0.0,0.0,0.0,0.0,0.0,0.0,0.0,0.0,0.0,0.0,0.0,0.0,0.0,0.0,0.0,0.0,0.0,0.0012962962962962965,0.0,0.0,0.0,0.0,0.0,0.0,0.0,0.0,0.0,10.0
0.3666666666666667,0.215,0.68,0.014499999999999999,1.1275,0.0,0.00675,0.0032500000000000003,0.02025,0.29774999999999996,0.04875,0.24375,0.35,0.1165,3.37,0.1845,2.185,1.0125,0.0,0.0145,0.02,46.333333333333336,0.00625,0.2515,0.003,0.0,0.11475,0.005875,0.0,0.0,0.0,0.0,0.78,0.0,0.0,154.25,0.0,89.75,21.425,0.1175,213.5,0.3225,282.0,0.0,0.0,0.0,0.0,0.0,0.0,0.0,0.0,0.0,0.0,0.0,0.0,0.15,0.29,0.12,0.49,0.19,0.33,0.32,0.22,0.24,0.1,0.29,0.0,0.16,0.7,0.16,0.66,0.0,5.666666666666667,0.0,0.0,0.1965,0.0,0.0,0.0,0.0,9.0,0.0,0.0,0.0,0.0,1.0
0.0,0.07,1.55,0.047,2.92,0.003,0.021,0.009,0.133,0.799,0.019,0.865,0.882,0.308,8.04,0.37,6.33,3.23,0.0,0.046,0.22,103.0,0.021,0.601,0.008,0.0,0.0,0.0165,0.002,0.13,0.8,0.0,0.4,0.0,0.0,710.0,0.0515,1682.5,26.675,0.8175,1245.0,2.5075,121.0,0.046,0.0,0.0,0.0,0.0,0.0,0.02,0.09,0.0,78.0,3.9,0.0,0.0,0.0,0.0,0.0,0.0,0.0,0.0,0.0,0.0,0.0,0.0,0.0,0.0,0.0,0.0,0.0,2.7,0.0,0.0,1.32,0.504,0.04,0.02,0.07,0.0,0.0,11.0,0.0,0.02,7.5,1.0
0.0,0.12666666666666668,1.3333333333333333,0.03166666666666667,1.9400000000000002,0.0,0.011500000000000002,0.005,0.036333333333333336,0.5395,0.09866666666666667,0.48333333333333334,0.6188333333333333,0.2015,5.385000000000001,0.2531666666666667,4.046666666666667,2.0233333333333334,0.0,0.028333333333333335,0.035333333333333335,65.0,0.007166666666666666,0.4001666666666666,0.005333333333333333,0.0,0.0,0.011166666666666667,0.0,0.09999999999999999,0.5133333333333333,0.89,0.535,0.0,0.0,537.0,0.044333333333333336,714.6666666666666,28.099999999999998,0.21166666666666667,686.3333333333334,3.643333333333333,135.66666666666666,0.035666666666666666,0.0,0.0,0.0,0.0,0.0,0.0,0.0,0.0,0.0,1.2,0.0,0.0,0.0,0.0,0.0,0.0,0.0,0.0,0.0,0.0,0.0,0.0,0.0,0.0,0.0,0.0,0.0,0.0,0.0,0.0,0.18,0.34833333333333333,0.0,0.0,1.03,0.0,25.0,0.0,0.0,0.0,0.0,1.0
0.0,0.0,0.0,0.0,0.0,0.0,0.0,0.0,0.0,0.0,0.0,0.0,0.0,0.0,0.0,0.0,0.0,0.0,0.0,0.0,0.0,0.0,0.0,0.0,0.0,0.0,0.0,0.0,0.0,0.0,0.0,0.0,0.0,0.0,0.0,0.0,0.0,0.0,0.0,0.0,0.0,0.0,0.0,0.0,0.0,0.0,0.0,0.0,0.0,0.0,0.0,0.0,0.0,0.0,0.0,0.0,0.0,0.0,0.0,0.0,0.0,0.0,0.0,0.0,0.0,0.0,0.0,0.0,0.0,0.0,0.0,0.27307692307692305,0.0,0.0,0.0,0.0,0.0,0.0,0.0,0.0,0.0,0.0,0.0,0.0,0.0,1.0
0.0,0.0,0.0,0.0,0.0,0.0,0.0,0.0,0.0,0.0,0.0,0.0,0.0,0.0,0.0,0.0,0.0,0.0,0.0,0.0,0.0,420.2142857142857,0.0,0.0,0.0,0.0,0.0,0.0,0.0,0.0,0.0,0.0,0.0,0.0,0.0,189.42857142857142,0.0,121.42857142857143,11.214285714285714,1.7707142857142857,54.92857142857143,1.2035714285714287,116.64285714285714,0.0,0.0,0.0,0.0,0.0,0.0,0.0,0.0,0.0,0.0,0.0,0.0,0.0,0.0,0.0,0.0,0.0,0.0,0.0,0.0,0.0,0.0,0.0,0.0,0.0,0.0,0.0,0.0,0.0,0.0,0.0,0.0,0.0,0.0,0.0,0.0,0.0,0.0,0.0,0.0,0.0,2.2714285714285714,1.0
0.0,0.0,0.0,0.10393333333333334,7.1499999999999995,0.0021333333333333334,0.038933333333333334,0.015571428571428571,0.3091333333333333,1.92,0.3577857142857143,0.0,2.2,0.7531428571428572,21.2,0.9985714285714286,14.978571428571428,7.4157142857142855,0.0,0.10171428571428572,0.11721428571428572,234.64285714285714,0.043,2.0421428571428573,0.015785714285714285,0.023357142857142858,0.5970714285714286,0.04196551724137931,0.0006785714285714286,0.0,0.0,0.0,0.0,0.0,0.0,22.285714285714285,0.005857142857142858,523.8571428571429,1.6071428571428572,0.060714285714285714,20.785714285714285,0.06785714285714287,23.071428571428573,0.0055,0.0,744.6666666666666,0.0,0.0,0.0,0.0,0.0,0.0,154.10714285714286,0.0,0.0,0.013285714285714286,0.03,0.006714285714285714,0.060000000000000005,0.034999999999999996,0.021714285714285714,0.03671428571428571,0.016714285714285713,0.024999999999999998,0.01,0.016714285714285713,0.0,0.0,0.049999999999999996,0.011714285714285715,0.04328571428571428,0.0,0.0,0.0,0.58,1.4414285714285715,0.0,0.0,0.0,0.0,5.142857142857143,8.214285714285714,2.2142857142857144,0.0,0.39999999999999997,1.0
0.0,0.0,0.0,0.0,0.04716666666666667,0.0,0.0,0.1498,7.448333333333333,0.0,0.0,0.0,0.0,0.018,3.86,0.20483333333333334,60.26666666666667,1.6583333333333332,0.0,0.5372,1.8916666666666666,3.5415549597855227,0.27,0.0,0.0,0.0,0.0,0.0,0.0,41.21666666666667,15.100000000000001,0.0,0.0,0.0,0.0,0.0,0.0,1.1737089201877935,0.0,0.03403973509933775,0.9470198675496688,0.0,0.0,0.0,0.0,51.023809523809526,0.0,0.0,0.0,8.011666666666667,0.0,0.0,0.0,71.3,0.0,0.0,0.0,0.0,0.0,0.0,0.0,0.0,0.0,0.0,0.0,0.0,0.0,0.0,0.0,0.0,0.0,0.0,0.0,0.0,0.0,0.0,1.485,0.0,0.0,0.0,0.0,0.0,0.0,0.0,0.0,4.0
0.0,0.0,0.0,0.0,0.003333333333333333,0.0,0.0,0.009555555555555555,0.051944444444444446,0.001,0.0,0.0003333333333333333,0.0,0.0013333333333333333,1.8722222222222225,0.15055555555555555,8.63888888888889,0.3231111111111111,0.0,0.053,0.030888888888888893,0.0,0.014555555555555556,0.01,0.0,0.0,0.0,0.0,0.0,0.10666666666666667,3.78,0.0,0.0,0.0,0.0,0.0,0.0,0.0,0.0,0.0,0.0,0.0,0.0,0.0,0.04142857142857143,0.0,0.0,0.0,0.02,0.0,0.0,0.0,271.8,16.599999999999998,0.0,0.0,0.0,0.0,0.0,0.0,0.0,0.0,0.0,0.0,0.0,0.0,0.0,0.0,0.0,0.0,0.0,0.1,0.0,0.3333333333333333,0.0,0.0,0.0,0.0,0.0,0.0,0.0,48.4,1.6,0.0,0.0,9.0
0.0,0.04,1.06,0.0485,3.34,0.001,0.0235,0.00975,0.084625,0.88075,0.18125,0.86275,1.0070000000000001,0.3505,9.31,0.45675,7.165,3.52,0.0,0.05525,0.06425,105.0,0.0145,0.70775,0.0072499999999999995,0.0,0.0,0.018250000000000002,0.0,0.065,0.73,0.0,0.46,0.0,0.0,432.5,0.032,629.25,24.95,0.15000000000000002,659.75,3.515,80.5,0.025500000000000002,0.0,0.0,0.0,0.0,0.0,0.0,0.0,0.0,0.0,0.0,0.0,0.0,0.0,0.0,0.0,0.0,0.0,0.0,0.0,0.0,0.0,0.0,0.0,0.0,0.0,0.0,0.0,0.0,0.0,0.0,0.0,0.44899999999999995,0.0,0.0,0.0,0.0,18.0,0.0,0.0,0.0,0.0,1.0
0.0,0.0,0.0,0.0,0.012666666666666666,0.0,0.0,0.062333333333333324,0.6513888888888889,0.0,0.0,0.0,0.0,0.006388888888888889,12.143888888888888,1.0329166666666667,67.78055555555555,2.5922222222222224,0.0,0.41075,0.27575,4.433333333333334,0.11816666666666668,0.0,0.0,0.0,0.0,0.0,0.0,0.0,0.0,0.0,0.0,0.0,0.0,0.0,0.0,23.325,0.0,1.44,26.6,0.0,0.0,0.0,0.0,0.0,0.0,0.0,0.0,0.0,0.0,0.0,0.0,0.0,0.0,0.0,0.0,0.0,0.0,0.0,0.0,0.0,0.0,0.0,0.0,0.0,0.0,0.0,0.0,0.0,0.0,0.0,0.0,0.0,0.0,0.0,0.0,0.0,0.0,0.0,0.0,0.0,0.0,0.0,0.0,4.0
0.0,0.075,1.05,0.05,3.0700000000000003,0.001,0.017,0.010499999999999999,0.05625,0.817,0.1515,0.6785000000000001,0.9450000000000001,0.325,8.82,0.426,6.154999999999999,3.035,0.0,0.049,0.063,96.5,0.016,0.62,0.0075,0.0025,0.0,0.01675,0.001,0.0,0.66,0.0,0.39,0.0,0.0,448.0,0.028,609.6666666666666,26.833333333333332,0.19333333333333336,730.6666666666666,3.5233333333333334,69.66666666666667,0.03166666666666667,0.0,0.0,0.0,0.0,0.0,0.0,0.0,0.0,0.0,2.2,0.0,0.0,0.0,0.0,0.0,0.0,0.0,0.0,0.0,0.0,0.0,0.0,0.0,0.0,0.0,0.0,0.0,0.0,0.0,0.0,0.0,0.53,0.0,0.0,0.0,0.0,0.0,0.0,0.0,0.0,0.0,1.0
0.0,0.0,0.0,0.044,2.92,0.0,0.017,0.009,0.064,0.745,0.17,0.744,0.857,0.301,8.23,0.501,6.3,3.02,0.0,0.042,0.06,0.0,0.014,0.667,0.006,0.001,0.0,0.016,0.0,0.0,0.0,0.0,0.0,0.0,0.0,0.0,0.0,0.0,0.0,0.0,0.0,0.0,0.0,0.0,0.0,0.0,0.0,0.0,0.0,0.0,0.0,0.0,0.0,0.0,0.0,0.0,0.0,0.0,0.0,0.0,0.0,0.0,0.0,0.0,0.0,0.0,0.0,0.0,0.0,0.0,0.0,0.0,0.0,0.0,0.0,0.53,0.0,0.0,0.0,0.0,0.0,0.0,0.0,0.0,0.0,1.0
0.0,0.05,1.3,0.059,2.86,0.003,0.017,0.009,0.049,0.823,0.159,0.842,0.922,0.314,8.78,0.368,6.54,3.5,0.0,0.048,0.067,98.0,0.015,0.635,0.01,0.003,0.0,0.0205,0.002,0.0,0.0,0.0,0.45,0.0,0.0,446.0,0.018,743.0,27.0,0.13,668.0,3.56,68.0,0.03,0.0,0.0,0.0,0.0,0.0,0.0,0.0,0.0,0.0,2.6,0.0,0.0,0.0,0.0,0.0,0.0,0.0,0.0,0.0,0.0,0.0,0.0,0.0,0.0,0.0,0.0,0.0,0.0,0.0,0.0,0.0,0.535,0.0,0.0,0.0,0.0,0.0,0.0,0.0,0.0,0.0,1.0
0.0,0.05666666666666667,1.3666666666666665,0.052833333333333336,2.6333333333333333,0.0005,0.015333333333333332,0.008666666666666666,0.051666666666666666,0.7491666666666666,0.1485,0.7321666666666666,0.8383333333333334,0.26616666666666666,6.984999999999999,0.2853333333333333,5.585,3.0966666666666662,0.0,0.044000000000000004,0.05266666666666667,88.33333333333333,0.012333333333333333,0.5801666666666666,0.011000000000000001,0.00016666666666666666,0.0,0.017916666666666668,0.0,0.016666666666666666,0.42,0.0,0.46499999999999997,0.0,0.0,664.8333333333334,0.03983333333333333,1535.0,37.35,0.25666666666666665,1051.6666666666667,5.013333333333333,206.66666666666666,0.04083333333333333,0.0,0.0,0.0,0.0,0.0,0.0,0.0,0.0,0.0,1.7,0.0,0.0,0.0,0.0,0.0,0.0,0.0,0.0,0.0,0.0,0.0,0.0,0.0,0.0,0.0,0.0,0.0,0.2,0.0,0.0,0.0,0.5,0.0,0.0,0.07,0.0,6.0,0.0,0.0,0.0,0.0,1.0
0.0,0.1,1.1,0.039,2.55,0.0,0.017,0.007,0.052000000000000005,0.687,0.141,0.61,0.799,0.267,7.09,0.342,4.93,2.42,0.0,0.036,0.047,81.0,0.01,0.521,0.007,0.0,0.0,0.0125,0.0,0.0,0.68,0.0,0.42,0.0,0.0,760.0,0.038,2270.0,35.6,0.74,864.0,4.52,151.0,0.052,0.0,0.0,0.0,0.0,0.0,0.0,0.0,0.0,0.0,0.0,0.0,0.0,0.0,0.0,0.0,0.0,0.0,0.0,0.0,0.0,0.0,0.0,0.0,0.0,0.0,0.0,0.0,0.0,0.0,0.0,0.0,0.446,0.0,0.0,0.07,0.0,0.0,0.0,0.0,0.0,0.0,1.0
0.0,0.026,1.35,0.052333333333333336,3.28,0.001,0.018000000000000002,0.008333333333333333,0.05266666666666667,0.8586666666666667,0.17566666666666667,0.8073333333333332,1.0053333333333334,0.35133333333333333,9.516666666666667,0.48500000000000004,6.493333333333333,3.0666666666666664,0.0,0.04533333333333334,0.068,103.5,0.014666666666666666,0.6426666666666666,0.008333333333333333,0.0030000000000000005,0.0,0.017833333333333336,0.0006666666666666666,0.0,0.0,0.0,0.345,0.0,0.0,463.3333333333333,0.033,670.0,25.866666666666664,0.15,696.3333333333334,3.8366666666666664,76.66666666666667,0.019,0.0,0.0,0.0,0.0,0.0,0.0,0.0,0.0,0.0,2.2,0.0,0.0,0.0,0.0,0.0,0.0,0.0,0.0,0.0,0.0,0.0,0.0,0.0,0.0,0.0,0.0,0.0,0.0,0.0,0.0,0.0,0.5496666666666666,0.0,0.0,0.0,0.0,0.0,0.0,0.0,0.0,0.0,1.0
0.0,0.0,0.0,0.16,0.476,0.006,0.024,0.002,0.15533333333333332,0.033,0.042,0.118,0.03,0.018,7.94,0.839,14.6,3.9,0.0,0.072,0.1425,0.0,0.014,0.002,0.047,0.012,0.009,0.04933333333333333,0.002,0.0,0.0,0.04,0.0,0.0,0.0,415.0,0.13,1830.0,36.5,1.28,13.0,3.56,557.0,0.02,0.0,0.0,3.09,0.01,0.0,0.0,0.0,0.0,0.0,0.0,0.0,0.0,0.0,0.0,0.0,0.0,0.0,0.0,0.0,0.0,0.0,0.0,0.0,0.0,0.0,0.0,0.0,0.0,0.0,0.0,0.0,0.001,0.0,0.0,0.0,0.0,0.0,0.0,0.0,0.0,0.0,10.0
0.0,0.065,1.25,0.056,3.026666666666667,0.0023333333333333335,0.015,0.009333333333333332,0.04683333333333334,0.8393333333333333,0.15966666666666665,0.8250000000000001,0.953,0.3136666666666667,8.69,0.38799999999999996,6.72,3.64,0.0,0.051333333333333335,0.06833333333333334,101.0,0.017,0.6533333333333333,0.009666666666666665,0.0030000000000000005,0.0,0.0195,0.0006666666666666666,0.0,0.71,0.0,0.29500000000000004,0.0,0.0,452.3333333333333,0.037333333333333336,688.0,27.3,0.12666666666666668,683.3333333333334,3.5866666666666664,77.33333333333333,0.022333333333333334,0.0,0.0,0.0,0.0,0.0,0.0,0.0,0.0,0.0,2.1,0.0,0.0,0.0,0.0,0.0,0.0,0.0,0.0,0.0,0.0,0.0,0.0,0.0,0.0,0.0,0.0,0.0,0.0,0.0,0.0,0.0,0.5503333333333333,0.0,0.0,0.0,0.0,0.0,0.0,0.0,0.0,0.0,1.0
0.25,6.158333333333334,1.2175,0.0376,0.04933333333333334,0.002,0.0082,0.002,0.0030000000000000005,0.004,0.005,0.113,0.002,0.008666666666666666,0.5223333333333334,0.06025,0.82375,0.3073333333333333,0.0,0.001,0.002,63.0,0.0,0.0,0.0,0.0,0.011000000000000001,0.012333333333333333,0.0,0.04,0.1575,0.0,0.36999999999999994,0.0,0.0,220.0,0.04700000000000001,55.0,11.933333333333332,2.34,13.0,3.5400000000000005,316.0,0.0030000000000000005,0.064,3.6666666666666665,0.0,0.0,0.0,0.0,0.0,0.0,0.0,1.5,0.0,0.745,1.373,1.207,1.195,1.893,1.302,1.148,1.053,1.112,0.308,1.668,0.119,0.0,2.426,1.065,2.721,10.800000000000002,22.7,0.0,0.0,0.0,0.0,0.0,0.0,0.284,3.0,0.0,0.0,0.0,0.0,13.0
0.232,8.62,1.065,0.047,0.092,0.002,0.012,0.004,0.008,0.004,0.017,0.148,0.003,0.015,0.843,0.129,1.4340000000000002,0.438,0.0,0.003,0.009,74.0,0.0,0.0,0.0,0.0,0.028,0.015,0.0,0.0,0.17,0.0,0.449,0.0,0.0,280.0,0.062,66.0,15.0,1.86,16.0,4.35,411.0,0.001,0.08,3.6666666666666665,0.0,0.0,0.0,0.0,0.0,0.0,0.0,1.3,0.0,0.846,1.576,1.369,1.329,2.126,1.49,1.288,1.187,1.269,0.36,1.9,0.154,0.0,2.729,1.165,3.063,13.9,28.8,0.0,0.0,0.0,0.0,0.0,0.0,0.317,3.75,0.0,0.0,0.0,0.0,13.0
0.0,0.0,0.0,0.12425,0.34225,0.005,0.02225,0.0,0.091875,0.019,0.033,0.08825,0.0175,0.013749999999999998,5.7975,0.60775,10.945,2.91,0.0,0.05975,0.2635,97.0,0.00975,0.00575,0.042749999999999996,0.00475,0.00625,0.03025,0.0,0.0,0.0,0.0,0.86,0.0,0.0,167.25,0.07975,814.25,20.25,1.2325,13.75,2.5025,390.25,0.038,0.418,0.0,0.0,0.0,0.0,0.0,0.0,0.0,0.0,0.0,0.0,0.0,0.0,0.0,0.0,0.0,0.0,0.0,0.0,0.0,0.0,0.0,0.0,0.0,0.0,0.0,0.0,0.0,0.0,0.0,0.0,0.0,0.0,0.0,0.0,0.0,0.0,0.0,0.0,0.0,0.0,7.0
0.0,0.0,0.0,0.0,0.0,0.0,0.0,0.0,0.0,0.0,0.0,0.0,0.0,0.0,0.0,0.0,0.0,0.0,0.0,0.0,0.0,72.7325,0.0,0.0,0.0,0.0,0.0,0.0,0.0,0.0,0.0,0.0,0.0,0.0,0.0,214.875,0.0036375,65.75,26.2,0.35425,3.9387499999999998,0.6545,330.125,0.0,0.0,0.0,0.0,0.0,0.0,0.0,0.0,0.0,0.0,0.0,0.0,0.0,0.0,0.0,0.0,0.0,0.0,0.0,0.0,0.0,0.0,0.0,0.0,0.0,0.0,0.0,0.0,0.0,0.0,0.0,0.0,0.0,0.0,0.0,0.0,0.0,0.0,0.0,0.0,0.0,0.0,5.0
0.0,0.0,0.0,0.0,0.07516666666666666,0.0,0.0,0.1232,6.6433333333333335,0.0,0.0,0.0,0.0,0.014000000000000002,10.266666666666667,0.08033333333333333,21.383333333333336,3.705,0.0,0.2924,0.5973333333333333,0.0,0.3044,0.0,0.0,0.0,0.0,0.0,0.0,70.11666666666666,10.925,0.0,0.0,0.0,0.0,0.0,0.0,0.0,0.0,0.008333333333333333,0.0,0.01,0.0,0.0,0.0,0.0,0.0,0.0,1.7700000000000002,1.61,0.0,0.0,0.0,183.9,0.0,0.0,0.0,0.0,0.0,0.0,0.0,0.0,0.0,0.0,0.0,0.0,0.0,0.0,0.0,0.0,0.0,0.0,0.0,0.0,0.0,0.0,21.349999999999998,0.0,0.0,0.0,0.0,0.0,0.0,0.0,0.0,4.0
0.1525,2.234,0.6433333333333333,0.02866666666666667,0.843,0.0003333333333333333,0.013,0.002,0.05366666666666667,0.015,0.17099999999999999,1.4104999999999999,0.019,0.139,6.334,1.0026666666666666,10.855666666666666,3.677,0.0,0.029,0.115,58.0,0.0075,0.004,0.008,0.0055,0.265,0.015,0.0045000000000000005,0.17,0.33666666666666667,1.12,0.2605,0.095,0.0,131.0,0.045,868.5,11.25,1.13,14.5,2.035,353.5,0.03,0.0325,4.6,0.0,0.0,0.0,0.0,0.0,0.0,0.0,1.8,0.0,0.0,0.0,0.0,0.0,0.0,0.0,0.0,0.0,0.0,0.0,0.0,0.0,0.0,0.0,0.0,0.0,0.0,10.3,0.0,0.0,0.0005,0.0,0.0,0.0,0.0,0.0,0.0,0.0,0.0,0.0,7.0
0.0,0.0,0.9744444444444444,0.028705882352941175,0.8398823529411765,0.0,0.013352941176470587,0.0016470588235294118,0.03952941176470588,0.015470588235294118,0.16929411764705882,1.374235294117647,0.018705882352941176,0.13829411764705882,6.33,0.9844705882352942,10.401764705882353,3.658235294117647,0.0,0.028823529411764706,0.11652941176470588,0.0,0.007588235294117647,0.004411764705882353,0.007764705882352942,0.005411764705882353,0.26652941176470585,0.011176470588235295,0.004705882352941177,0.17333333333333334,0.5122222222222222,1.17,0.0,0.09333333333333334,0.0,0.0,0.0,0.0,0.0,0.0,0.0,0.0,0.0,0.0,0.0,3.3333333333333335,0.0,0.0,0.0,0.0,0.0,0.0,0.0,0.0,0.0,0.0,0.0,0.0,0.0,0.0,0.0,0.0,0.0,0.0,0.0,0.0,0.0,0.0,0.0,0.0,0.0,0.0,0.0,0.0,0.0,0.0,0.0,0.0,0.0,0.0,0.0,0.0,0.0,0.0,0.0,7.0
0.125,2.31,1.2,0.028,0.817,0.0,0.0075,0.0015,0.031,0.0,0.14300000000000002,1.01,0.015,0.1185,6.38,1.0070000000000001,10.565,3.545,0.0,0.0225,0.0985,56.0,0.005,0.003,0.009,0.0015,0.257,0.01175,0.0035,0.0,0.24,1.0,0.3,0.0,0.0,133.5,0.0505,1020.0,12.149999999999999,1.13,11.0,2.175,351.0,0.026000000000000002,0.0525,0.0,0.0,0.0,0.0,0.0,0.0,0.0,0.0,0.0,19.2,0.0,0.0,0.0,0.0,0.0,0.0,0.0,0.0,0.0,0.0,0.0,0.0,0.0,0.0,0.0,0.0,0.0,0.0,0.0,0.0,0.0,0.0,0.0,0.0,0.0,0.0,0.0,0.0,0.0,0.0,7.0
0.13166666666666668,2.4223333333333334,0.8499999999999999,0.045200000000000004,0.7866666666666667,0.002,0.009,0.0030000000000000005,0.06144444444444445,0.002,0.12933333333333333,1.0186666666666666,0.017666666666666667,0.106,6.636666666666667,1.103,11.19125,3.4753333333333334,0.0,0.02666666666666667,0.111,60.666666666666664,0.004,0.004,0.014666666666666666,0.0023333333333333335,0.25333333333333335,0.020777777777777777,0.0023333333333333335,0.14,0.2875,1.0,0.322,0.0,0.0,124.66666666666667,0.073,878.6666666666666,19.133333333333333,1.5166666666666666,33.0,2.143333333333333,270.3333333333333,0.16166666666666665,0.05366666666666667,27.857142857142858,0.0,0.0,0.0,0.0,0.0,0.0,0.0,2.8,12.799999999999999,0.26,0.53,0.94,0.84,0.83,0.46,0.55,0.39,0.6,0.12,0.77,0.29,0.17,0.93,0.35,1.19,4.333333333333333,11.6,0.0,0.0,0.0,0.0,0.0,0.0,0.0,5.25,0.0,0.0,0.0,0.0,7.0
0.0,0.0,0.0,0.0,0.034,0.0,0.0,0.154,1.04,0.0,0.0,0.0,0.0,0.008,11.1,0.091,27.2,1.58,0.0,0.349,0.365,0.0,0.112,0.0,0.0,0.0,0.0,0.0,0.0,60.9,22.6,0.0,0.0,0.0,0.0,0.0,0.0,0.0,0.0,0.0,0.0,0.0,0.0,0.0,0.0,0.0,0.0,0.0,1.1,4.4,0.0,0.0,0.0,0.0,0.0,0.0,0.0,0.0,0.0,0.0,0.0,0.0,0.0,0.0,0.0,0.0,0.0,0.0,0.0,0.0,0.0,0.0,0.0,0.0,0.0,0.0,2.78,1.49,0.0,0.0,0.0,0.0,0.0,1.6,0.0,4.0
0.0,0.0,0.0,0.062,0.161,0.002,0.011,0.004,0.012,0.007,0.041,0.333,0.006,0.031,1.43,0.132,2.11,0.955,0.0,0.007,0.017,0.0,0.0,0.0,0.0,0.0,0.0,0.017,0.0,0.0,0.0,0.0,0.0,0.0,0.0,0.0,0.0,0.0,0.0,0.0,0.0,0.0,0.0,0.0,0.0,0.0,0.0,0.0,0.0,0.0,0.0,0.0,0.0,0.0,0.0,0.0,0.0,0.0,0.0,0.0,0.0,0.0,0.0,0.0,0.0,0.0,0.0,0.0,0.0,0.0,0.0,0.0,0.0,0.0,0.0,0.0,0.0,0.0,0.0,0.0,0.0,0.0,0.0,0.0,0.0,13.0
0.0,0.0,0.0,0.0,0.0,0.0,0.0,0.0,0.0,0.0,0.0,0.0,0.0,0.0,0.0,0.0,0.0,0.0,0.0,0.0,0.0,57.599999999999994,0.0,0.0,0.0,0.0,0.0,0.0,0.0,0.0,0.0,0.0,0.0,0.0,0.0,171.3777777777778,0.04303777777777778,43.08777777777778,19.5,1.6075555555555556,5.0425555555555555,3.283777777777778,323.0,0.0015625555555555557,0.0,0.0,0.0,0.0,0.0,0.0,0.0,0.0,0.0,0.0,0.0,0.0,0.0,0.0,0.0,0.0,0.0,0.0,0.0,0.0,0.0,0.0,0.0,0.0,0.0,0.0,0.0,0.0,0.0,0.0,0.0,0.0,0.0,0.0,0.0,0.0,0.0,0.0,0.0,0.0,0.0,13.0
0.0,0.0,0.0,0.0,0.0,0.0,0.0,0.0,0.0,0.0,0.0,0.0,0.0,0.0,0.0,0.0,0.0,0.0,0.0,0.0,0.0,94.55000000000001,0.0,0.0,0.0,0.0,0.0,0.0,0.0,0.0,0.0,0.0,0.0,0.0,0.0,152.5,0.044262222222222224,90.97555555555556,18.549999999999997,0.6657555555555555,8.285,1.7000000000000002,244.06666666666666,0.00655,0.0,0.0,0.0,0.0,0.0,0.0,0.0,0.0,0.0,0.0,0.0,0.0,0.0,0.0,0.0,0.0,0.0,0.0,0.0,0.0,0.0,0.0,0.0,0.0,0.0,0.0,0.0,0.0,0.0,0.0,0.0,0.0,0.0,0.0,0.0,0.0,0.0,0.0,0.0,0.0,0.0,5.0
0.0,0.0,0.0,0.142,0.257,0.009,0.016,0.004,0.48,0.005,0.051,0.15,0.026,0.022,8.83,1.98,14.2,2.2,0.0,0.03,0.159,0.0,0.022,0.001,0.03,0.085,0.0,0.035500000000000004,0.001,0.0,0.0,0.0,0.0,0.0,0.0,0.0,0.0,0.0,0.0,0.0,0.0,0.0,0.0,0.0,0.0,0.0,0.0,0.0,0.0,0.0,0.0,0.0,0.0,0.0,0.0,0.17,0.36,1.31,0.78,0.72,0.28,0.36,0.23,0.3,0.05,0.69,0.0,0.0,0.55,0.21,0.74,0.0,0.0,0.0,0.0,0.0,0.0,0.0,0.0,0.08,0.0,0.0,0.0,0.0,0.0,5.0
0.0,0.0,0.0,0.037,0.045,0.002,0.009,0.003,0.004,0.006,0.006,0.084,0.003,0.008,0.443,0.047,0.642,0.245,0.0,0.001,0.004,0.0,0.0,0.0,0.0,0.0,0.0,0.013,0.0,0.0,0.0,0.0,0.0,0.0,0.0,0.0,0.0,0.0,0.0,0.0,0.0,0.0,0.0,0.0,0.0,0.0,0.0,0.0,0.0,0.0,0.0,0.0,0.0,0.0,0.0,0.0,0.0,0.0,0.0,0.0,0.0,0.0,0.0,0.0,0.0,0.0,0.0,0.0,0.0,0.0,0.0,0.0,0.0,0.0,0.0,0.0,0.0,0.0,0.0,0.0,0.0,0.0,0.0,0.0,0.0,13.0
0.0,0.0,0.0,0.041,0.165,0.003,0.01,0.003,0.012,0.007,0.024,0.241,0.005,0.03,1.29,0.144,1.7,0.673,0.0,0.005,0.012,0.0,0.0,0.0,0.0,0.0,0.0,0.014,0.0,0.0,0.0,0.0,0.0,0.0,0.0,0.0,0.0,0.0,0.0,0.0,0.0,0.0,0.0,0.0,0.0,0.0,0.0,0.0,0.0,0.0,0.0,0.0,0.0,0.0,0.0,0.0,0.0,0.0,0.0,0.0,0.0,0.0,0.0,0.0,0.0,0.0,0.0,0.0,0.0,0.0,0.0,0.0,0.0,0.0,0.0,0.0,0.0,0.0,0.0,0.0,0.0,0.0,0.0,0.0,0.0,13.0
0.0,0.0,0.0,0.043,0.188,0.0,0.009,0.003,0.011,0.007,0.031,0.285,0.006,0.029,1.5,0.213,2.3,0.702,0.0,0.005,0.016,60.0,0.0,0.0,0.0,0.0,0.0,0.012,0.0,0.0,0.0,0.0,0.0,0.0,0.0,0.0,0.0,0.0,0.0,0.0,0.0,0.0,0.0,0.0,0.0,0.0,0.0,0.0,0.0,0.0,0.0,0.0,0.0,0.0,0.0,0.0,0.0,0.0,0.0,0.0,0.0,0.0,0.0,0.0,0.0,0.0,0.0,0.0,0.0,0.0,0.0,0.0,0.0,0.0,0.0,0.0,0.0,0.0,0.0,0.0,0.0,0.0,0.0,0.0,0.0,13.0
0.0,0.0,0.0,0.097,0.019,0.008,0.011,0.0,0.037,0.0,0.004,0.012,0.002,0.003,0.717,0.179,1.13,0.233,0.0,0.003,0.013,0.0,0.005,0.001,0.024,0.006,0.0,0.008,0.0,0.0,0.0,0.0,0.0,0.0,0.0,0.0,0.0,0.0,0.0,0.0,0.0,0.0,0.0,0.0,0.0,0.0,0.0,0.0,0.0,0.0,0.0,0.0,0.0,0.0,0.0,0.54,0.92,0.9,0.79,1.37,0.91,0.81,0.72,0.77,0.22,1.15,0.0,0.0,1.62,0.55,1.88,0.0,0.0,0.0,0.0,0.0,0.0,0.0,0.0,0.22,0.0,0.0,0.0,0.0,0.0,5.0
0.0,0.0,0.0,0.097,0.019,0.008,0.011,0.0,0.037,0.0,0.004,0.012,0.002,0.003,0.717,0.179,1.13,0.233,0.0,0.003,0.013,0.0,0.005,0.001,0.024,0.006,0.0,0.008,0.0,0.0,0.0,0.0,0.0,0.0,0.0,0.0,0.0,0.0,0.0,0.0,0.0,0.0,0.0,0.0,0.0,0.0,0.0,0.0,0.0,0.0,0.0,0.0,0.0,0.0,0.0,0.54,0.92,0.9,0.79,1.37,0.91,0.81,0.72,0.77,0.22,1.15,0.0,0.0,1.62,0.55,1.88,0.0,0.0,0.0,0.0,0.0,0.0,0.0,0.0,0.22,0.0,0.0,0.0,0.0,0.0,5.0
0.0,0.0,0.0,0.121,0.215,0.006,0.013,0.003,0.375,0.005,0.052,0.135,0.021,0.026,8.38,2.68,14.0,1.86,0.0,0.027,0.241,0.0,0.02,0.001,0.029,0.0,0.0,0.0305,0.0,0.0,0.0,0.0,0.0,0.0,0.0,0.0,0.0,0.0,0.0,0.0,0.0,0.0,0.0,0.0,0.0,0.0,0.0,0.0,0.0,0.0,0.0,0.0,0.0,0.0,0.0,0.0,0.0,0.0,0.0,0.0,0.0,0.0,0.0,0.0,0.0,0.0,0.0,0.0,0.0,0.0,0.0,0.0,0.0,0.0,0.0,0.0,0.0,0.0,0.0,0.0,0.0,0.0,0.0,0.0,0.0,5.0
0.0,0.0,0.0,0.121,0.215,0.006,0.013,0.003,0.375,0.005,0.052,0.135,0.021,0.026,8.38,2.68,14.0,1.86,0.0,0.027,0.241,0.0,0.02,0.001,0.029,0.0,0.0,0.0305,0.0,0.0,0.0,0.0,0.0,0.0,0.0,0.0,0.0,0.0,0.0,0.0,0.0,0.0,0.0,0.0,0.0,0.0,0.0,0.0,0.0,0.0,0.0,0.0,0.0,0.0,0.0,0.0,0.0,0.0,0.0,0.0,0.0,0.0,0.0,0.0,0.0,0.0,0.0,0.0,0.0,0.0,0.0,0.0,0.0,0.0,0.0,0.0,0.0,0.0,0.0,0.0,0.0,0.0,0.0,0.0,0.0,5.0
0.254,6.109,0.98,0.051,0.28,0.0,0.012,0.004,0.018,0.01,0.037,0.485,0.01,0.047,2.383,0.324,3.8715,1.362,0.0,0.006,0.018,82.0,0.0,0.0,0.0,0.0,0.056,0.018,0.0,0.0,0.115,0.0,0.323,0.0,0.0,219.0,0.073,67.0,21.0,3.57,18.0,4.61,290.0,0.004,0.058,3.3333333333333335,0.0,0.0,0.0,0.0,0.0,0.0,0.0,1.5,0.0,0.784,1.455,1.272,1.24,1.981,1.377,1.198,1.102,1.177,0.331,1.763,0.136,0.0,2.54,1.096,2.852,8.6,29.3,0.0,0.0,0.0,0.0,0.0,0.0,0.296,5.25,0.0,0.0,0.0,0.1,13.0
0.0,0.0,0.0,0.039,0.065,0.003,0.013,0.003,0.005,0.005,0.012,0.111,0.002,0.012,0.561,0.072,0.804,0.279,0.0,0.002,0.008,0.0,0.0,0.0,0.0,0.0,0.0,0.013,0.0,0.0,0.0,0.0,0.0,0.0,0.0,0.0,0.0,0.0,0.0,0.0,0.0,0.0,0.0,0.0,0.0,0.0,0.0,0.0,0.0,0.0,0.0,0.0,0.0,0.0,0.0,0.0,0.0,0.0,0.0,0.0,0.0,0.0,0.0,0.0,0.0,0.0,0.0,0.0,0.0,0.0,0.0,0.0,0.0,0.0,0.0,0.0,0.0,0.0,0.0,0.0,0.0,0.0,0.0,0.0,0.0,13.0
0.0,0.0,0.0,0.104,0.022,0.007,0.009,0.0,0.014,0.015,0.0,0.012,0.004,0.004,0.967,0.21,1.4,0.301,0.0,0.003,0.023,0.0,0.007,0.0,0.029,0.0,0.0,0.013,0.0,0.0,0.0,0.0,0.0,0.0,0.0,0.0,0.0,0.0,0.0,0.0,0.0,0.0,0.0,0.0,0.0,0.0,0.0,0.0,0.0,0.0,0.0,0.0,0.0,0.0,0.0,0.0,0.0,0.0,0.0,0.0,0.0,0.0,0.0,0.0,0.0,0.0,0.0,0.0,0.0,0.0,0.0,0.0,0.0,0.0,0.0,0.0,0.0,0.0,0.0,0.0,0.0,0.0,0.0,0.0,0.0,5.0
0.0,0.0,0.0,0.098,0.019,0.008,0.01,0.002,0.038,0.0,0.003,0.012,0.002,0.003,0.769,0.169,1.17,0.256,0.0,0.004,0.015,0.0,0.007,0.002,0.024,0.007,0.0,0.009,0.0,0.0,0.0,0.0,0.0,0.0,0.0,0.0,0.0,0.0,0.0,0.0,0.0,0.0,0.0,0.0,0.0,0.0,0.0,0.0,0.0,0.0,0.0,0.0,0.0,0.0,0.0,0.56,0.95,0.88,0.78,1.35,0.94,0.81,0.73,0.78,0.22,1.17,0.0,0.0,1.68,0.6,1.92,0.0,0.0,0.0,0.0,0.0,0.0,0.0,0.0,0.23,0.0,0.0,0.0,0.0,0.0,5.0
0.0,0.0,0.0,0.098,0.019,0.008,0.01,0.002,0.038,0.0,0.003,0.012,0.002,0.003,0.769,0.169,1.17,0.256,0.0,0.004,0.015,0.0,0.007,0.002,0.024,0.007,0.0,0.009,0.0,0.0,0.0,0.0,0.0,0.0,0.0,0.0,0.0,0.0,0.0,0.0,0.0,0.0,0.0,0.0,0.0,0.0,0.0,0.0,0.0,0.0,0.0,0.0,0.0,0.0,0.0,0.56,0.95,0.88,0.78,1.35,0.94,0.81,0.73,0.78,0.22,1.17,0.0,0.0,1.68,0.6,1.92,0.0,0.0,0.0,0.0,0.0,0.0,0.0,0.0,0.23,0.0,0.0,0.0,0.0,0.0,5.0
0.0,0.0,0.0,0.05,0.377,0.0,0.012,0.0,0.02,0.015,0.066,0.628,0.012,0.06,2.73,0.396,4.09,1.53,0.0,0.011,0.032,78.0,0.0,0.0,0.0,0.0,0.0,0.018,0.0,0.0,0.0,0.0,0.0,0.0,0.0,0.0,0.0,0.0,0.0,0.0,0.0,0.0,0.0,0.0,0.0,0.0,0.0,0.0,0.0,0.0,0.0,0.0,0.0,0.0,0.0,0.0,0.0,0.0,0.0,0.0,0.0,0.0,0.0,0.0,0.0,0.0,0.0,0.0,0.0,0.0,0.0,0.0,0.0,0.0,0.0,0.0,0.0,0.0,0.0,0.0,0.0,0.0,0.0,0.0,0.0,13.0
0.0,0.0,0.0,0.0,0.0,0.0,0.0,0.0,0.0,0.0,0.0,0.0,0.0,0.0,0.0,0.0,0.0,0.0,0.0,0.0,0.0,70.0,0.0,0.0,0.0,0.0,0.0,0.0,0.0,0.0,0.0,0.0,0.0,0.0,0.0,0.0,0.0,825.0,0.0,1.89,35.0,0.0,0.0,0.0,0.0,351.0,0.0,0.0,0.0,0.0,0.0,0.0,0.0,0.0,0.0,0.0,0.0,0.0,0.0,0.0,0.0,0.0,0.0,0.0,0.0,0.0,0.0,0.0,0.0,0.0,0.0,0.0,0.0,0.0,0.0,0.0,0.0,0.0,0.0,0.0,0.0,0.0,0.0,0.0,0.0,7.0
0.0,5.4175,1.2,0.1085,0.068,0.00775,0.009999999999999998,0.001,0.060375,0.0035,0.0135,0.07375,0.010499999999999999,0.010249999999999999,1.4775,0.26549999999999996,2.4375,0.56575,0.0,0.00725,0.029249999999999998,74.0,0.0022500000000000003,0.00275,0.01975,0.006,0.0,0.00575,0.00575,0.13,0.11,0.0,1.0,0.0,0.0,193.0,0.10675000000000001,69.5,21.275000000000002,1.1675,20.75,2.5324999999999998,213.0,0.00825,0.0,0.0,0.0,0.0,0.0,0.0,0.0,0.0,0.0,0.0,0.0,0.54,0.84,1.07,0.84,1.35,0.81,0.79,0.64,0.71,0.21,1.16,0.2,0.0,1.51,0.51,1.77,7.1,0.0,0.0,0.0,0.0,0.02,0.02,0.0,0.2,0.0,0.0,0.0,0.04,0.0,5.0
0.455,7.72,1.43,0.133,0.34349999999999997,0.00525,0.02,0.0025,0.093625,0.0205,0.03,0.09075,0.02225,0.012499999999999999,5.79,0.56525,10.66,2.9699999999999998,0.0,0.052250000000000005,0.23225,124.5,0.0115,0.006,0.029,0.00475,0.006,0.028875,0.0,0.0,0.0,0.0,1.205,0.0,0.0,215.25,0.14225,1019.5,32.875,2.54,40.25,2.2225,473.5,0.2145,0.44499999999999995,0.0,0.0,0.0,0.0,0.0,0.0,0.0,0.0,0.0,0.0,0.0,0.0,0.0,0.0,0.0,0.0,0.0,0.0,0.0,0.0,0.0,0.0,0.0,0.0,0.0,0.0,0.0,27.4,0.0,0.0,0.0,0.0,0.0,0.0,0.0,10.0,0.0,0.0,0.0,0.0,7.0
0.0,5.4175,1.2,0.1085,0.068,0.00775,0.009999999999999998,0.001,0.060375,0.0035,0.0135,0.07375,0.010499999999999999,0.010249999999999999,1.4775,0.26549999999999996,2.4375,0.56575,0.0,0.00725,0.029249999999999998,74.0,0.0022500000000000003,0.00275,0.01975,0.006,0.0,0.00575,0.00575,0.13,0.11,0.0,1.0,0.0,0.0,193.0,0.10675000000000001,69.5,21.275000000000002,1.1675,20.75,2.5324999999999998,213.0,0.00825,0.0,0.0,0.0,0.0,0.0,0.0,0.0,0.0,0.0,0.0,0.0,0.54,0.84,1.07,0.84,1.35,0.81,0.79,0.64,0.71,0.21,1.16,0.2,0.0,1.51,0.51,1.77,7.1,0.0,0.0,0.0,0.0,0.02,0.02,0.0,0.2,0.0,0.0,0.0,0.04,0.0,5.0
0.125,2.31,1.2,0.028,0.817,0.0,0.0075,0.0015,0.031,0.0,0.14300000000000002,1.01,0.015,0.1185,6.38,1.0070000000000001,10.565,3.545,0.0,0.0225,0.0985,56.0,0.005,0.003,0.009,0.0015,0.257,0.01175,0.0035,0.0,0.24,1.0,0.3,0.0,0.0,133.5,0.0505,1020.0,12.149999999999999,1.13,11.0,2.175,351.0,0.026000000000000002,0.0525,0.0,0.0,0.0,0.0,0.0,0.0,0.0,0.0,0.0,19.2,0.0,0.0,0.0,0.0,0.0,0.0,0.0,0.0,0.0,0.0,0.0,0.0,0.0,0.0,0.0,0.0,0.0,0.0,0.0,0.0,0.0,0.0,0.0,0.0,0.0,0.0,0.0,0.0,0.0,0.0,7.0
