fdc_id,foodname,C00255,C00253,C02823,C00219,C06424,C06429,C16513,C08320,C06427,C01571,C04056,C01712,C02679,C16537,C00249,C08362,C00712,C01530,C16536,C06425,C16526,C00187,C08281,C00246,C16527,C06426,C08322,C16522,C08323,C02483,C02477,C00031,C00864,C00208,C08319,C06262,C00070,C01330,C00305,C00023,C00076,C00038,C00238,C00034,C00378,C00473,C00089,C01496,C14152,C14154,C14156,C05432,C02094,C02059,C00072,C01733,C16436,C00037,C16435,C02385,C16434,C00716,C01536,C02057,C00806,C01401,C01157,C00736,C16439,C00768,C16433,C00719,C01529,C00369,C00243,C01585,C14151,C14153,C01582,C01420,C00504,C08591,C05433,C14155,C05443,type
790581,"Onions, yello",0.0,0.0,0.0,0.0,0.0,0.0,0.0,0.0,0.0,0.0,0.0,0.0,0.0,0.0,0.0,0.0,0.0,0.0,0.0,0.0,0.0,0.0,0.0,0.0,0.0,0.0,0.0,0.0,0.0,0.0,0.0,2.308333333333333,0.0,0.0,0.0,0.03466666666666667,3.5333333333333336e-05,0.0011666666666666668,0.00905,0.00028333333333333335,0.015,0.0002,0.18183333333333332,0.00014366666666666667,0.0,0.0,1.605,1.91,0.0,0.0,0.0,0.0,0.0,0.0,0.008166666666666668,0.0,0.0,0.0,0.0,0.0,0.0,0.0,0.0,0.0,0.0,0.0,0.0,0.0,0.0,0.0,0.0,0.0,0.0,0.0,0.0,0.0,0.0,0.0,0.0,0.0,0.0,0.0,0.0,0.0,0.0,11.0
790512,"Onions, red",0.0,0.0,0.0,0.0,0.0,0.0,0.0,0.0,0.0,0.0,0.0,0.0,0.0,0.0,0.0,0.0,0.0,0.0,0.0,0.0,0.0,0.0,0.0,0.0,0.0,0.0,0.0,0.0,0.0,0.0,0.0,2.2916666666666665,0.0,0.0,0.0,0.04083333333333333,5.766666666666667e-05,0.0013333333333333333,0.0114,0.0002366666666666667,0.016666666666666666,0.00016666666666666666,0.19683333333333333,0.00011866666666666666,0.0,0.0,1.675,1.7866666666666668,0.0,0.0,0.0,0.0,0.0,0.0,0.00805,0.0,0.0,0.0,0.0,0.0,0.0,0.0,0.0,0.0,0.0,0.0,0.0,0.0,0.0,0.0,0.0,0.0,4.5e-07,0.0,0.0,0.0,0.0,0.0,0.0,0.0,0.0,0.0,0.0,0.0,0.0,11.0
169092,"Melons, cantaloupe",2.4333333333333333e-05,0.0007073333333333333,0.0,0.0,0.001,0.0,0.0,0.0,0.046,0.0,0.0,0.0,0.001,0.0,0.043,0.0,0.003,0.005,0.0,0.0,0.0,0.0,0.0,0.0,0.0,0.0,0.0,0.0,0.0,0.00011,2.5e-05,1.9000000000000001,9.166666666666667e-05,0.02666666666666667,0.0,0.016333333333333335,7.033333333333334e-05,0.025333333333333333,0.012666666666666668,0.00032333333333333335,0.009000000000000001,0.0003533333333333333,0.19366666666666665,4.433333333333334e-05,4.633333333333334e-05,0.0008030000000000001,3.6633333333333327,2.223333333333333,0.0,0.0,0.0,0.0,0.0025266666666666666,2.633333333333333e-06,0.0195,0.010666666666666666,0.028999999999999998,0.02266666666666667,0.017,0.025666666666666667,0.018333333333333337,0.036666666666666674,0.012666666666666666,0.02033333333333333,0.002,0.083,0.0,0.0,0.025666666666666667,0.013,0.12066666666666666,0.0001,1.2666666666666665e-06,0.023333333333333334,0.0,0.0,0.0,0.0,0.06,0.002,1.5166666666666665e-05,3.333333333333333e-07,5.333333333333333e-06,0.0,0.0,9.0
475351,Cantaloupe,0.0,0.0,0.0,0.0,0.0,0.0,0.0,0.0,0.0,0.0,0.0,0.0,0.0,0.0,0.0,0.0,0.0,0.0,0.0,0.0,0.0,0.0,0.0,0.0,0.0,0.0,0.0,0.0,0.0,0.0,0.0,0.0,0.0,0.0,0.0,0.0,0.0,0.019,0.0,0.00027,0.015,0.0,0.0,0.0,0.0,0.003731,0.0,0.0,0.0,0.0,0.0,0.0,0.0,0.0,0.0358,0.0,0.0,0.0,0.0,0.0,0.0,0.0,0.0,0.0,0.0,0.0,0.0,0.0,0.0,0.0,0.0,0.0,0.0,0.0,0.0,0.0,0.0,0.0,0.0,0.0,0.0,0.0,0.0,0.0,0.0,9.0
173039,Grapefruit juice white,2e-05,0.0002,0.0,0.0,0.0,0.0,0.0,0.0,0.005,0.0,0.0,0.0,0.0,0.0,0.012,0.001,0.012,0.001,0.0,0.0,0.0,0.0,0.0,0.0,0.0,0.0,0.0,0.0,0.0,0.0,0.00011,0.0,0.000189,0.0,0.0,0.015,3.3e-05,0.001,0.012,0.0002,0.009000000000000001,5e-05,0.162,2e-05,4e-05,3.6666666666666666e-06,0.0,0.0,0.0,0.0,0.0,0.0,4e-06,0.0,0.038,0.0,0.0,0.0,0.0,0.0,0.0,0.0,0.0,0.0,0.0,0.0,0.0,0.0,0.0,0.0,0.0,0.0,1e-07,0.0,0.0,0.0,0.0,0.0,0.0,0.0,7.499999999999999e-06,1e-06,2e-06,0.0,0.0,9.0
790649,"bananas, overripe",0.0,0.0005700000000000001,0.0,0.0,0.0,0.0,0.0,0.0,0.0,0.0,0.0,0.0,0.0,0.0,0.0,0.0,0.0,0.0,0.0,0.0,0.0,0.0,0.0,0.0,0.0,0.0,0.0,0.0,0.0,0.0,0.0,6.998333333333334,0.0,0.0,0.0,0.0,0.0,0.0,0.0,0.0,0.0,0.0,0.0,0.0,4.016666666666667e-05,0.0,2.105,6.695,0.0,0.0,0.0,0.0,9.166666666666666e-06,1.5e-07,0.00998,0.0,0.0,0.0,0.0,0.0,0.0,0.0,0.0,0.0,0.0,0.0,0.0,0.0,0.0,0.0,0.0,0.0,0.0,0.41,0.0,0.0,0.0,0.0,0.0,0.0,2.4666666666666665e-05,0.0,8.333333333333332e-06,0.0,0.0,9.0
2309880,"Oranges, navel",0.0,0.0,0.0,0.0,0.0,0.0,0.0,0.0,0.0,0.0,0.0,0.0,0.0,0.0,0.0,0.0,0.0,0.0,0.0,0.0,0.0,0.0,0.0,0.0,0.0,0.0,0.0,0.0,0.0,0.0,0.0,0.0,0.0,0.0,0.0,0.0,0.0,0.0,0.0,0.0,0.039,0.0,0.162,0.0,0.0,0.0,0.0,0.0,0.0,0.0,0.0,0.0,0.0,0.0,0.0,0.0,0.0,0.0,0.0,0.0,0.0,0.0,0.0,0.0,0.0,0.0,0.0,0.0,0.0,0.0,0.0,0.0,0.0,0.0,0.0,0.0,0.0,0.0,0.0,0.0,0.0,0.0,0.0,0.0,0.0,9.0
1104916,"Onions, white",0.0,0.0,0.0,0.0,0.0,0.0,0.0,0.0,0.0,0.0,0.0,0.0,0.0,0.0,0.0,0.0,0.0,0.0,0.0,0.0,0.0,0.0,0.0,0.0,0.0,0.0,0.0,0.0,0.0,0.0,0.0,2.6333333333333333,0.0,0.0,0.0,0.02866666666666667,4.65e-05,0.0016666666666666668,0.009333333333333334,0.00015166666666666668,0.020666666666666667,0.00012333333333333334,0.14116666666666666,9.933333333333333e-05,0.0,0.0,0.5883333333333333,2.525,0.0,0.0,0.0,0.0,0.0,0.0,0.0,0.0,0.0,0.0,0.0,0.0,0.0,0.0,0.0,0.0,0.0,0.0,0.0,0.0,0.0,0.0,0.0,0.0,0.0,0.0,0.0,0.0,0.0,0.0,0.02666666666666667,0.0,0.0,0.0,0.0,0.0,0.0,11.0
169239,"Kale, frozen",0.000112,0.0006979999999999999,0.0,0.001,0.002,0.0,0.0,0.0,0.117,0.0,0.0,0.0,0.002,0.0,0.049,0.0,0.032,0.002,0.0,0.0,0.0,0.0,0.0,0.0,0.0,0.0,0.0,0.0,0.0,0.0,0.000285,0.0,5.2e-05,0.0,0.0,0.029,4.6e-05,0.015,0.018000000000000002,0.00093,0.136,0.00017999999999999998,0.333,0.00044300000000000003,5.6e-05,0.0014419999999999997,0.0,0.0,0.0,0.0,0.0,0.0,0.00246,0.00033360000000000003,0.039299999999999995,0.026,0.145,0.128,0.158,0.148,0.159,0.112,0.094,0.136,0.032,0.134,0.0,0.0,0.186,0.056,0.238,0.0,9e-07,0.0,0.0,0.0,0.0,0.0,0.0,0.035,1.275e-05,2.3e-05,0.0,0.0,0.0,11.0
326263,"Carrots, sliced",0.0,0.0,0.0,0.0,0.0,0.0,0.0,0.0,0.0,0.0,0.0,0.0,0.0,0.0,0.0,0.0,0.0,0.0,0.0,0.0,0.0,0.0,0.0,0.0,0.0,0.0,0.0,0.0,0.0,0.0,0.0,0.0,0.0,0.0,0.0,0.0,0.0,0.0,0.0,0.0,0.0,0.0,0.0,0.0,0.0,0.0,0.0,0.0,0.0,0.0,0.0,0.0,0.0,0.0,0.0,0.0,0.0,0.0,0.0,0.0,0.0,0.0,0.0,0.0,0.0,0.0,0.0,0.0,0.0,0.0,0.0,0.0,0.0,0.0,0.0,0.0,0.0,0.0,0.0,0.0,0.0,0.0,0.0,0.0,0.0,11.0
359096,Peaches,0.0,0.0,0.0,0.0,0.0,0.0,0.0,0.0,0.0,0.0,0.0,0.0,0.0,0.0,0.0,0.0,0.0,0.0,0.0,0.0,0.0,0.0,0.0,0.0,0.0,0.0,0.0,0.0,0.0,0.0,0.0,0.0,0.0,0.0,0.0,0.0,0.0,0.007041666666666667,0.0,0.0011308333333333333,0.015125,0.0,0.1916,0.0,0.0,0.0005376666666666667,0.0,0.0,0.0,0.0,0.0,0.0,0.0,0.0,0.021441666666666664,0.0,0.0,0.0,0.0,0.0,0.0,0.0,0.0,0.0,0.0,0.0,0.0,0.0,0.0,0.0,0.0,0.0,0.0,0.0,0.0,0.0,0.0,0.0,0.0,0.0,0.0,0.0,0.0,0.0,0.0,9.0
332071,"Sauce, pasta, prego 100% Natural Italian",0.0,0.0,0.0,0.0,0.002166666666666667,0.0,0.0,0.002,0.08883333333333333,0.0030000000000000005,0.0003333333333333333,0.0008333333333333334,0.0013333333333333333,0.001,0.06633333333333334,0.0026666666666666666,0.5933333333333334,0.024166666666666666,0.0,0.006333333333333333,0.014,0.0,0.0035,0.0013333333333333333,0.0,0.0,0.0,0.0,0.0006666666666666666,0.0,0.0,2.405,0.0,0.0,0.0,0.03675,8.525e-05,0.35716666666666663,0.021266666666666666,0.00082,0.03025,0.00021250000000000002,0.32966666666666666,0.00016383333333333332,0.0,0.0,1.8283333333333331,2.5749999999999997,0.0,0.0,0.0,0.013283333333333333,0.0004443333333333333,0.0,0.0,0.0,0.0,0.0,0.0,0.0,0.0,0.0,0.0,0.0,0.0,0.0,0.0,0.0,0.0,0.0,0.0,0.0,0.0,0.0,0.0,0.0,0.0,0.0,0.0,0.0,0.0,0.0,0.0,0.0,0.0,6.0
331972,"Sauce, pasta, hunts original",0.0,0.0,0.0,0.0,0.0011666666666666668,0.0,0.0,0.0013333333333333333,0.036333333333333336,0.0028333333333333335,0.0,0.0,0.0011666666666666668,0.001,0.05833333333333333,0.0008333333333333334,0.08816666666666667,0.0195,0.0,0.0018333333333333333,0.0025,0.0,0.0016666666666666668,0.0013333333333333333,0.0,0.0,0.0,0.0,0.0,0.0,0.0,2.315,0.0,0.0,0.0,0.029583333333333336,6.216666666666667e-05,0.5052500000000001,0.014508333333333333,0.0008841666666666668,0.023750000000000004,0.0001775,0.28408333333333335,0.00010975,0.0,0.0,0.205,2.13,0.0,0.0,0.0,0.010671666666666668,0.0003318333333333333,0.0,0.0,0.0,0.0,0.0,0.0,0.0,0.0,0.0,0.0,0.0,0.0,0.0,0.0,0.0,0.0,0.0,0.0,0.0,0.0,0.0,0.0,0.0,0.0,0.0,0.0,0.0,0.0,0.0,0.0,0.0,0.0,6.0
2412687,"Pears, Bartlett",0.0,0.0,0.0,0.0,0.0,0.0,0.0,0.0,0.0,0.0,0.0,0.0,0.0,0.0,0.0,0.0,0.0,0.0,0.0,0.0,0.0,0.0013333333333333333,0.0,0.0,0.0,0.0,0.0,0.0,0.0,0.0,0.0,0.0,0.0,0.0,0.0,0.0,0.0,0.014666666666666666,0.0,0.0,0.009,0.0,0.045000000000000005,0.0,0.0,0.0,0.0,0.0,0.0,0.0,0.0,0.0,0.0,0.0,0.0,0.0,0.0,0.0,0.0,0.0,0.0,0.0,0.0,0.0,0.0,0.0,0.0,0.0,0.0,0.0,0.0,0.0,0.0,0.0,0.0,0.0,0.0,0.0,0.0,0.0,0.0,0.0,0.0,0.0,0.0,9.0
1128559,Salsa,0.0,0.0,0.0,0.0,0.0,0.0,0.0,0.0,0.0,0.0,0.0,0.0,0.0,0.0,0.0,0.0,0.0,0.0,0.0,0.0,0.0,0.0006937119675456389,0.0,0.0,0.0,0.0,0.0,0.0,0.0,0.0,0.0,1.6624999999999999,0.0,0.0,0.0,0.03025,6.391666666666667e-05,0.48338235294117643,0.015050000000000001,0.0005563473053892216,0.020159274193548387,0.000164375,0.18910344827586206,0.00010808333333333334,0.0,0.0006644902807775377,0.17,1.8483333333333334,0.0,0.0,0.0,0.0,0.0,0.0,0.015946153846153846,0.0,0.0,0.0,0.0,0.0,0.0,0.0,0.0,0.0,0.0,0.0,0.0,0.0,0.0,0.0,0.0,0.0,0.0,0.0,0.0,0.0,0.0,0.0,0.0,0.0,0.0,0.0,0.0,0.0,0.0,6.0
472712,Kiwi,0.0,0.0,0.0,0.0,0.0,0.0,0.0,0.0,0.0,0.0,0.0,0.0,0.0,0.0,0.0,0.0,0.0,0.0,0.0,0.0,0.0,0.0,0.0,0.0,0.0,0.0,0.0,0.0,0.0,0.0,0.0,0.0,0.0,0.0,0.0,0.0,0.0,0.04666666666666667,0.0,0.00056,0.049666666666666665,0.0,0.311,0.0,0.0,4.5333333333333335e-05,0.0,0.0,0.0,0.0,0.0,0.0,0.0,3.78e-05,0.06346666666666667,0.0,0.0,0.0,0.0,0.0,0.0,0.0,0.0,0.0,0.0,0.0,0.0,0.0,0.0,0.0,0.0,0.0,0.0,0.0,0.0,0.0,0.0,0.0,0.0,0.0,0.0,0.0,0.0,0.0,0.0,9.0
2709285,"Strawberries, Fresh",3.7e-05,0.000462,0.0,0.0,0.0,0.0,0.0,0.0,0.023,0.0,0.0,0.0,0.0,0.0,0.004,0.0,0.015,0.001,0.0,0.0,0.0,0.0,0.0,0.0,0.0,0.0,0.0,0.0,0.0,0.0,0.000145,0.0,0.0,0.0,0.0,0.013000000000000001,4.9000000000000005e-05,0.002,0.011,0.00075,0.016,0.00013000000000000002,0.148,0.0,2.2e-05,1e-06,0.0,0.0,0.0,0.0,0.0,0.0,2.7e-05,2.2e-06,0.0412,0.0,0.0,0.0,0.0,0.0,0.0,0.0,0.0,0.0,0.0,0.0,0.0,0.0,0.0,0.0,0.0,0.0,7e-07,0.0,0.0,0.0,0.0,0.0,0.0,0.0,1.275e-05,0.0,0.0,0.0,0.0,6009.0
333065,"Tomatoes, diced, canned",0.0,0.0,0.0,0.0,0.0,0.0,0.0,0.0,0.0,0.0,0.0,0.0,0.0,0.0,0.0,0.0,0.0,0.0,0.0,0.0,0.0,0.0,0.0,0.0,0.0,0.0,0.0,0.0,0.0,0.0,0.0,1.3,0.0,0.0,0.0,0.017,4.975e-05,0.10075,0.00925,0.0006575,0.0335,0.0001275,0.1955,6.175e-05,0.0,0.0,0.0,1.3250000000000002,0.0,0.0,0.0,0.0,0.0,0.0,0.0,0.0,0.0,0.0,0.0,0.0,0.0,0.0,0.0,0.0,0.0,0.0,0.0,0.0,0.0,0.0,0.0,0.0,0.0,0.0,0.0,0.0,0.0,0.0,0.0,0.0,0.0,0.0,0.0,0.0,0.0,11.0
359096,Peaches,0.0,0.0,0.0,0.0,0.0,0.0,0.0,0.0,0.0,0.0,0.0,0.0,0.0,0.0,0.0,0.0,0.0,0.0,0.0,0.0,0.0,0.0,0.0,0.0,0.0,0.0,0.0,0.0,0.0,0.0,0.0,0.0,0.0,0.0,0.0,0.0,0.0,0.007041666666666667,0.0,0.0011308333333333333,0.015125,0.0,0.1916,0.0,0.0,0.0005376666666666667,0.0,0.0,0.0,0.0,0.0,0.0,0.0,0.0,0.021441666666666664,0.0,0.0,0.0,0.0,0.0,0.0,0.0,0.0,0.0,0.0,0.0,0.0,0.0,0.0,0.0,0.0,0.0,0.0,0.0,0.0,0.0,0.0,0.0,0.0,0.0,0.0,0.0,0.0,0.0,0.0,9.0
1110172,Ketchup,0.00016600000000000002,0.001434,0.0,0.0,0.0,0.0,0.0,0.0,0.001,0.0,0.0,0.0,0.0,0.0,0.01,0.001,0.015,0.004,0.0,0.0,0.0,0.00220625,0.0,0.0,0.0,0.0,0.0,0.0,0.0,0.0,0.00073,11.41304347826087,0.0,1.4760869565217392,0.0,0.025,6.636170212765957e-05,0.893,0.013540425531914892,0.00022597014925373134,0.003950248756218906,0.00016319148936170215,0.1696741573033708,8.565217391304347e-05,1.1e-05,0.0004839019607843137,0.0,8.941304347826087,0.0,0.0,0.0,0.012062,0.000316,3e-06,0.007382352941176471,0.0,0.0,0.0,0.0,0.0,0.0,0.0,0.0,0.0,0.0,0.0,0.0,0.0,0.0,0.0,0.0,0.0,7e-07,0.0,0.0,0.0,0.0,0.0,0.0,0.0,6.75e-06,0.0,0.0,0.0,0.0,6.0
326891,"Mission Figs, Dried",0.0,0.0,0.0,0.0,0.0,0.0,0.0,0.0,0.0,0.0,0.0,0.0,0.0,0.0,0.0,0.0,0.0,0.0,0.0,0.0,0.0,0.0,0.0,0.0,0.0,0.0,0.0,0.0,0.0,0.0,0.0,24.7,0.0,0.0,0.0,0.0,0.0,0.0,0.0,0.0,0.0,0.0,0.0,0.0,0.0,0.0,0.07,23.4,0.0,0.0,0.0,0.0,0.0,0.0,0.0,0.0,0.0,0.0,0.0,0.0,0.0,0.0,0.0,0.0,0.0,0.0,0.0,0.0,0.0,0.0,0.0,0.0,0.0,0.0,0.0,0.0,0.0,0.0,0.0,0.0,0.0,0.0,0.0,0.0,0.0,9.0
411522,Nectarines,0.0,0.0,0.0,0.0,0.0,0.0,0.0,0.0,0.0,0.0,0.0,0.0,0.0,0.0,0.0,0.0,0.0,0.0,0.0,0.0,0.0,0.0,0.0,0.0,0.0,0.0,0.0,0.0,0.0,0.0,0.0,0.0,0.0,0.0,0.0,0.0,0.0,0.006000000000000001,0.0,0.001705,0.012500000000000002,0.0,0.0,0.0,0.0,0.00020550000000000003,0.0,0.0,0.0,0.0,0.0,0.0,0.0,0.0,0.008450000000000001,0.0,0.0,0.0,0.0,0.0,0.0,0.0,0.0,0.0,0.0,0.0,0.0,0.0,0.0,0.0,0.0,0.0,0.0,0.0,0.0,0.0,0.0,0.0,0.0,0.0,0.0,0.0,0.0,0.0,0.0,9.0
1105317,"Apples, red delicious",6.625000000000001e-05,9e-05,0.0,0.0,0.0,0.0,0.0,0.0,0.0,0.0,0.0,0.0,0.0,0.0,0.0,0.0,0.0,0.0,0.0,0.0,0.0,0.0,0.0,0.0,0.0,0.0,0.0,0.0,0.0,0.0,0.0,2.6100000000000003,0.0,0.0,0.0,0.009250000000000001,2.425e-05,0.0,0.0047125000000000005,0.0,0.00475,1.8750000000000002e-05,0.09525,2.9500000000000002e-05,8.750000000000001e-06,0.0,0.9249999999999999,7.5600000000000005,0.0,0.0,0.0,0.0,0.0,0.0,0.0,0.0,0.0,0.0,0.0,0.0,0.0,0.0,0.0,0.0,0.0,0.0,0.0,0.0,0.0,0.0,0.0,0.0,0.0,0.0,0.0,0.0,0.0,0.0,0.0,0.0,0.0,0.0,0.0,0.0,0.0,9.0
168421,"Kale, Fresh",0.0003469999999999999,0.00118,0.0,0.003,0.006,0.0,0.0,0.0,0.378,0.0,0.0,0.0,0.006,0.0,0.158,0.0,0.104,0.006,0.0,0.0,0.0,0.0,0.0,0.0,0.0,0.0,0.0,0.0,0.0,0.00014000000000000001,0.000396,0.4,0.00037,0.0,0.0,0.055,5.300000000000001e-05,0.053,0.032900000000000006,0.0016,0.254,0.00039,0.34800000000000003,0.00092,0.000113,0.0009224999999999998,0.09,0.405,0.0,0.0,0.0,0.0,0.002871,0.0003898666666666667,0.0934,0.029,0.159,0.141,0.174,0.163,0.175,0.123,0.103,0.15,0.035,0.147,0.0,0.0,0.205,0.172,0.262,0.0003,9e-07,0.0,0.0,0.0,0.0,0.0,0.0,0.038,4.8222222222222225e-05,2.6999999999999996e-05,0.0,0.0,0.0,11.0
321527,"Beans, snap, canned",0.0,0.0,0.0,0.0,0.0,0.0,0.0,0.0,0.0,0.0,0.0,0.0,0.0,0.0,0.0,0.0,0.0,0.0,0.0,0.0,0.0,0.0,0.0,0.0,0.0,0.0,0.0,0.0,0.0,0.0,0.0,0.6466666666666666,0.0,0.0,0.0,0.0,0.0,0.0,0.0,0.0,0.0,0.0,0.0,0.0,0.0,0.0,0.0,0.645,0.0,0.0,0.0,0.0,0.0,0.0,0.0,0.0,0.0,0.0,0.0,0.0,0.0,0.0,0.0,0.0,0.0,0.0,0.0,0.0,0.0,0.0,0.0,0.0,0.0,0.0,0.0,0.0,0.0,0.0,0.0,0.0,0.0,0.0,0.0,0.0,0.0,11.0
790219,"Flour, corn, enriched",0.0003538,0.005746,0.0,0.0,0.0,0.0,0.0,0.0,0.0,0.0,0.0,0.0,0.0,0.0,0.0,0.0,0.0,0.0,0.0,0.0,0.0,0.0,0.0,0.0,0.0,0.0,0.0,0.0,0.0,0.0,0.0,0.0,0.0,0.0,0.0,0.0,0.0,0.0,0.0,0.0,0.0,0.0,0.0,0.0,0.0006609999999999999,0.0,0.0,0.0,0.0,0.0,0.0,0.0,0.0,0.0,0.0,0.0,0.0,0.0,0.0,0.0,0.0,0.0,0.0,0.0,0.0,0.0,0.0,0.0,0.0,0.0,0.0,0.0,0.0,0.0,0.0,0.0,0.0,0.0,0.0,0.0,0.0,0.0,0.0,0.0,0.0,20.0
331964,"Sauce, pasta, ragu old world",0.0,0.0,0.0,0.001,0.0036666666666666666,0.0,0.0,0.0025,0.11083333333333334,0.0031666666666666666,0.0013333333333333333,0.0016666666666666668,0.0018333333333333333,0.001,0.19633333333333333,0.004,0.4111666666666667,0.0745,0.0,0.006000000000000001,0.008333333333333333,0.0,0.0055000000000000005,0.0033333333333333335,0.00016666666666666666,0.0,0.0,0.0,0.0,0.0,0.0,2.1733333333333333,0.0,0.0,0.0,0.036416666666666674,9.508333333333335e-05,0.39458333333333334,0.019616666666666668,0.0006341666666666667,0.02766666666666667,0.00021250000000000002,0.3434166666666667,0.00013775,0.0,0.0,0.5233333333333333,2.3466666666666667,0.0,0.0,0.0,0.01405,0.000394,0.0,0.0,0.0,0.0,0.0,0.0,0.0,0.0,0.0,0.0,0.0,0.0,0.0,0.0,0.0,0.0,0.0,0.0,0.0,0.0,0.0,0.0,0.0,0.0,0.0,0.0,0.0,0.0,0.0,0.0,0.0,0.0,6.0
171300,"Yogurt, Greek, strawberry, non-fat",0.000235,0.000205,2.5e-07,0.004,0.254,0.0,0.002,0.0,0.007333333333333333,0.084,0.011,0.052,0.081,0.027,0.746,0.038000000000000006,0.5475,0.25,0.0,0.003,0.005,0.012,0.0,0.06,0.0,0.0,0.025,0.002,0.0,0.0,1e-05,0.54,0.00039400000000000004,0.0,0.0,0.109,1.9e-05,0.033,0.01,7.000000000000001e-05,0.088,0.00041,0.129,3.6e-05,3.7e-05,5.7333333333333336e-05,4.43,3.36,0.0,0.0,0.0,0.0,7e-06,0.0,0.0007,0.129,0.362,0.105,0.518,0.132,0.238,0.271,0.221,0.238,0.025,0.187,0.0,0.0,0.44,0.108,0.347,0.0,9.6e-06,0.0,2.37,0.046,0.0,0.0,0.53,0.04,6.75e-06,0.0,0.0,0.0,0.0,1.0
327704,"Lettuce, Romaine, fresh",0.0,0.0,0.0,0.0,0.0,0.0,0.0,0.0,0.0,0.0,0.0,0.0,0.0,0.0,0.0,0.0,0.0,0.0,0.0,0.0,0.0,0.0,0.0,0.0,0.0,0.0,0.0,0.0,0.0,0.0,0.0,0.0,0.0,0.0,0.0,0.0,0.0,0.0,0.0,0.0,0.0,0.0,0.0,0.0,0.0,0.0,0.0,0.0,0.0,0.0,0.0,0.0,0.0,0.0,0.007,0.0,0.0,0.0,0.0,0.0,0.0,0.0,0.0,0.0,0.0,0.0,0.0,0.0,0.0,0.0,0.0,0.0,0.0,0.0,0.0,0.0,0.0,0.0,0.0,0.0,0.0,0.0,0.0,0.0,0.0,11.0
486511,Broccoli,0.0,0.0,0.0,0.0,0.0,0.0,0.0,0.0,0.0,0.0,0.0,0.0,0.0,0.0,0.0,0.0,0.0,0.0,0.0,0.0,0.0,0.0,0.0,0.0,0.0,0.0,0.0,0.0,0.0,0.0,0.0,0.0,0.0,0.0,0.0,0.0,0.0,0.0211875,0.0,0.000659375,0.035,0.0,0.17972727272727274,0.0,0.0,0.0018287999999999998,0.0,0.0,0.0,0.0,0.0,0.0,0.0,0.0,0.06824,0.0,0.0,0.0,0.0,0.0,0.0,0.0,0.0,0.0,0.0,0.0,0.0,0.0,0.0,0.0,0.0,0.0,0.0,0.0,0.0,0.0,0.0,0.0,0.0,0.0,0.0,0.0,0.0,0.0,0.0,11.0
324323,"Niacin, Pickles, kosher dill, spears, VLASIC",0.0,0.00010666666666666668,0.0,0.0,0.0,0.0,0.0,0.0,0.0,0.0,0.0,0.0,0.0,0.0,0.0,0.0,0.0,0.0,0.0,0.0,0.0,0.0,0.0,0.0,0.0,0.0,0.0,0.0,0.0,2e-05,0.000105,0.525,0.00017,0.0,0.0,0.014666666666666668,2.9e-05,0.67,0.0065,0.00023833333333333334,0.05933333333333333,0.00010833333333333333,0.1165,5.5e-05,0.0,0.0,0.0,0.585,0.0,0.0,0.0,0.0,3.65e-05,1.355e-05,0.0019,0.0,0.0,0.0,0.0,0.0,0.0,0.0,0.0,0.0,0.0,0.0,0.0,0.0,0.0,0.0,0.0,0.0,0.0,0.0,0.0,0.0,0.0,0.0,0.0,0.0,8e-06,1e-06,0.0,0.0,0.0,11.0
334204,"Sugars, Sugar, Granulated, white",0.0,0.0,0.0,0.0,0.0,0.0,0.0,0.0,0.0,0.0,0.0,0.0,0.0,0.0,0.0,0.0,0.0,0.0,0.0,0.0,0.0,0.0,0.0,0.0,0.0,0.0,0.0,0.0,0.0,0.0,0.0,0.0,0.0,0.0,0.0,0.0,7e-06,0.001,0.0003,4.75e-05,0.002,1.25e-05,0.001,4e-06,0.0,0.0,99.7,0.0,0.0,0.0,0.0,0.0,0.0,0.0,0.0,0.0,0.0,0.0,0.0,0.0,0.0,0.0,0.0,0.0,0.0,0.0,0.0,0.0,0.0,0.0,0.0,0.0,0.0,0.0,0.0,0.0,0.0,0.0,0.0525,0.0,0.0,0.0,0.0,0.0,0.0,19.0
169655,"Sugars, granulated",1.9e-05,0.0,0.0,0.0,0.0,0.0,0.0,0.0,0.0,0.0,0.0,0.0,0.0,0.0,0.0,0.0,0.0,0.0,0.0,0.0,0.0,0.0,0.0,0.0,0.0,0.0,0.0,0.0,0.0,0.0,0.0,0.0,0.0,0.0,0.0,0.0,7e-06,0.00075,0.00019999999999999998,5e-05,0.001,1e-05,0.002,4e-06,0.0,0.0,99.8,0.0,0.0,0.0,0.0,0.0,0.0,0.0,0.0,0.0,0.0,0.0,0.0,0.0,0.0,0.0,0.0,0.0,0.0,0.0,0.0,0.0,0.0,0.0,0.0,0.0,6e-07,0.0,0.0,0.0,0.0,0.0,0.02,0.0,0.0,0.0,0.0,0.0,0.0,19.0
332871,"OATMEAL COOKIES WITH RAISINS, PEPPERIDGE FARM SOFT BAKED",0.00023333333333333333,0.0019033333333333333,0.0,0.008666666666666666,0.021,0.002,0.0,0.015,0.36516666666666664,0.014,0.006666666666666667,0.028666666666666663,0.001,0.005,1.6833333333333333,0.019666666666666666,2.606666666666667,3.4133333333333336,0.0,0.04666666666666667,0.06066666666666667,0.0,0.041,0.011333333333333334,0.0,0.03266666666666667,0.0,0.0,0.0,0.0,0.0,0.0,0.0004,0.0,0.0,0.11220000000000001,0.0001454,0.2976,0.0339,0.002306,0.026600000000000002,0.000614,0.273,0.0007442,0.00038666666666666667,0.0,0.0,0.0,0.0,0.0,0.0,0.0,0.0,0.0,0.0,0.0,0.0,0.0,0.0,0.0,0.0,0.0,0.0,0.0,0.0,0.0,0.0,0.0,0.0,0.0,0.0,0.0,5.633333333333333e-06,27.266666666666666,0.0,0.0,0.0,0.0,0.0,0.0,4.266666666666666e-05,0.0,0.0,0.0,0.0,18.0
334252,"Niacin, Sweet And Sour Pork, Chinese restaurant (IN1,NY1) - NFY0903IB",0.0,0.0021116666666666666,1.9333333333333332e-07,0.0255,0.048928571428571425,0.0020714285714285717,0.003428571428571429,0.01207142857142857,0.7360714285714286,0.006357142857142858,0.0145,0.028285714285714286,0.003357142857142857,0.004071428571428571,1.8785714285714286,0.08099999999999999,3.3657142857142857,0.730642857142857,0.0,0.038571428571428576,0.0715,0.02416666666666667,0.03414285714285714,0.003428571428571429,0.005071428571428572,0.0012857142857142859,0.0,0.0032857142857142855,0.002857142857142857,0.003273333333333333,0.0008866666666666667,3.01,0.00044333333333333334,0.0,0.0,0.13291666666666666,6.041666666666666e-05,0.30433333333333334,0.013033333333333334,0.0030708333333333334,0.04591666666666667,0.0010708333333333334,0.15233333333333335,0.00017308333333333333,0.0,0.0,4.471666666666667,2.855,6e-05,0.0,0.0,0.00019966666666666665,0.0002593333333333333,2.7866666666666665e-05,0.0023,0.20666666666666667,0.41,0.39999999999999997,0.4466666666666666,0.5399999999999999,0.37666666666666665,0.38000000000000006,0.25333333333333335,0.3433333333333333,0.10166666666666667,0.47333333333333333,0.0,0.0,0.7066666666666667,0.2866666666666667,0.7666666666666666,0.0074,0.0,11.75,0.0,0.0002142857142857143,0.0012766666666666666,0.0,0.0,0.11,0.0,0.0,0.00013866666666666666,6.6666666666666675e-06,0.0,25.0
1108797,Ham,0.000191,0.006055,2e-07,0.059208333333333335,0.043416666666666666,0.0009166666666666666,0.005458333333333333,4.347826086956522e-05,0.008212765957446808,0.004083333333333334,0.0024782608695652175,0.009391304347826087,0.0032916666666666667,0.0023478260869565218,0.7355416666666666,0.08720833333333333,1.3860833333333333,0.36795833333333333,0.0,0.00508695652173913,0.012000000000000002,0.04707692307692307,0.0022173913043478264,0.00025,0.00982608695652174,0.0016521739130434781,0.0007391304347826087,0.0055,2.173913043478261e-05,0.0,0.00011,1.7995652173913044,0.0,0.0,0.0,0.2474166666666667,4.4125e-05,1.1716869565217392,0.020325,0.0007645454545454546,0.008455696202531646,0.0017645833333333333,0.4643703703703704,1.473913043478261e-05,0.000426,1.2771929824561402e-05,0.3982608695652174,0.0,0.0,0.0,0.0,0.0,0.0,0.0,0.0019032258064516133,0.0,0.0,0.0,0.0,0.0,0.0,0.0,0.0,0.0,0.0,0.0,0.0,0.0,0.0,0.0,0.0,0.0,3.3799999999999995e-05,0.0,0.0,4.1666666666666665e-05,0.0,0.0,0.0,0.0,7.5e-07,0.0,0.0,0.0,0.0,10.0
325663,"Sugars, white bread, store brand, mixed composite (IN1,NY1) - NFY0907G6",0.0,0.0,0.0,0.0024000000000000002,0.01,0.0,0.0,0.0034000000000000002,0.1568,0.005,0.0014,0.022199999999999998,0.0178,0.003,0.40679999999999994,0.0172,0.5176000000000001,0.20259999999999997,0.0,0.007400000000000001,0.01,0.0,0.007400000000000001,0.0028,0.0052,0.0,0.0,0.0,0.0002,0.0,0.0,1.3199999999999998,0.000544,1.46,0.0,0.0,0.0,0.0,0.0,0.0,0.0,0.0,0.0,0.0,0.0,0.0,0.0,2.08,0.0,0.0,0.0,0.0,0.0,0.0,0.0,0.0,0.0,0.0,0.0,0.0,0.0,0.0,0.0,0.0,0.0,0.0,0.0,0.0,0.0,0.0,0.0,0.0,0.0,38.6,0.0,0.0,0.0,0.0,0.0,0.0,0.0,0.0,0.0,0.0,0.0,18.0
335125,"Tocopherols, Whole wheat bread, NATURES OWN (FL,NC) - NFY1204Q0",0.0,0.0046500000000000005,0.0,0.005,0.007,0.0,0.0,0.0035,0.06375,0.0085,0.0005,0.006999999999999999,0.011,0.0035,0.4165,0.020999999999999998,0.516,0.21300000000000002,0.0,0.006500000000000001,0.0165,0.0,0.006500000000000001,0.0,0.0,0.0025,0.0,0.0005,0.0,0.0008049999999999999,0.0012699999999999999,0.5333333333333333,0.00063,0.9,0.0,0.212,0.000229,0.4716666666666667,0.07113333333333334,0.0021899999999999997,0.15266666666666667,0.0018033333333333332,0.26899999999999996,0.0021666666666666666,0.0,0.0,0.0,1.6666666666666667,0.00031,0.0015899999999999998,0.00045000000000000004,0.0,0.0,0.0,0.0,0.0,0.0,0.0,0.0,0.0,0.0,0.0,0.0,0.0,0.0,0.0,0.0,0.0,0.0,0.0,0.0,0.126,0.0,29.266666666666666,0.0,0.0,0.00025,0.00087,0.0,0.0,5.033333333333333e-05,0.0,0.0,0.000915,0.0,18.0
320417,"TOMATOES, GRAPE",6.500000000000001e-05,0.000805,0.0,0.0,0.0,0.0,0.0,0.0,0.0,0.0,0.0,0.0,0.0,0.0,0.0,0.0,0.0,0.0,0.0,0.0,0.0,0.0,0.0,0.0,0.0,0.0,0.0,0.0,0.0,0.000705,0.000985,0.0,0.0,0.0,0.0,0.02766666666666667,5.766666666666667e-05,0.005833333333333334,0.011883333333333334,0.00033,0.011000000000000001,0.0002016666666666667,0.25983333333333336,0.00012066666666666667,7.500000000000001e-05,0.0,0.0,0.0,2e-05,0.0,0.0,0.004103333333333333,0.00039266666666666665,4.25e-06,0.02719166666666667,0.0,0.0,0.0,0.0,0.0,0.0,0.0,0.0,0.0,0.0,0.0,0.0,0.0,0.0,0.0,0.0,0.0,0.0,0.0,0.0,0.0,0.000115,0.0,0.0,0.0,9.5e-06,0.0,0.0,0.0,0.0,11.0
171269,"Milk, nonfat, fluid, with added vitamin A and vitamin D (fat free or skim)",0.00014800000000000002,0.00011,4.1499999999999994e-07,0.0,0.008,0.0,0.0,0.0,0.00014285714285714287,0.002,0.0,0.001,0.0016666666666666668,0.001,0.022333333333333334,0.0016666666666666668,0.017333333333333336,0.009,0.0,0.0,0.0,0.0026666666666666666,0.0,0.0033333333333333335,0.0,0.0,0.0,0.0,0.0,0.0,2.5e-06,0.0,0.0003776666666666666,0.0,0.0,0.105,5.666666666666667e-06,0.04133333333333333,0.012000000000000002,1e-05,0.12866666666666668,0.00044,0.16333333333333333,1.6666666666666665e-06,5.233333333333333e-05,8.314285714285714e-05,0.0,0.0,0.0,0.0,0.0,0.0,1.2e-06,0.0,0.0,0.09133333333333334,0.22166666666666668,0.06966666666666667,0.3426666666666667,0.11933333333333333,0.17933333333333334,0.20233333333333334,0.16866666666666666,0.17033333333333334,0.04633333333333334,0.11666666666666665,0.0,0.038,0.3376666666666666,0.10133333333333333,0.2953333333333333,0.0012333333333333335,2.3666666666666667e-06,0.0,5.0633333333333335,0.0006666666666666666,0.0,0.0,0.0,0.021,3.1666666666666663e-06,0.0,0.0,0.0,1.1333333333333334e-06,1.0
335241,"Beans, Dry, Dark red Kidney, 11F-8074 (0% moisture)",0.0,0.0,0.0,0.0,0.0,0.0,0.0,0.0,0.0,0.0,0.0,0.0,0.0,0.0,0.0,0.0,0.0,0.0,0.0,0.0,0.0,0.0,0.0,0.0,0.0,0.0,0.0,0.0,0.0,0.0,0.0,0.0,0.0,0.0,0.0,0.667,0.0008770000000000001,0.0,0.162,0.0069299999999999995,0.098,0.00365,1.4000000000000001,0.0016899999999999999,0.0,0.0,0.0,0.0,0.0,0.0,0.0,0.0,0.0,0.0,0.0,0.0,0.0,0.0,0.0,0.0,0.0,0.0,0.0,0.0,0.0,0.0,0.0,0.0,0.0,0.0,0.0,0.0,0.0,37.9,0.0,0.0,0.0,0.0,0.0,0.0,0.0,0.0,0.0,0.0,0.0,16.0
1104870,"FLOUR, PASTRY, white (UNENRICHED) (UNBLEACHED)",0.0,0.000988,0.0,0.0,0.0,0.0,0.0,0.0,0.0,0.0,0.0,0.0,0.0,0.0,0.0,0.0,0.0,0.0,0.0,0.0,0.0,0.0,0.0,0.0,0.0,0.0,0.0,0.0,0.0,0.0,0.0,0.0,0.0,0.0,0.0,0.1022,0.00015900000000000002,0.001,0.0224,0.0008680000000000001,0.0166,0.00074,0.1418,0.0006352,0.000146,0.0,0.0,0.0,0.0,0.0,0.0,0.0,0.0,0.0,0.0,0.0,0.0,0.0,0.0,0.0,0.0,0.0,0.0,0.0,0.0,0.0,0.0,0.0,0.0,0.0,0.0,0.0,4.939999999999999e-06,0.0,0.0,0.0,0.0,0.0,0.0,0.0,0.0,0.0,0.0,0.0,0.0,20.0
1104815,"FLOUR, RICE, GLUTENOUS",0.0,0.0011200000000000001,0.0,0.0,0.0,0.0,0.0,0.0,0.0,0.0,0.0,0.0,0.0,0.0,0.0,0.0,0.0,0.0,0.0,0.0,0.0,0.0,0.0,0.0,0.0,0.0,0.0,0.0,0.0,0.0,0.0,0.0,0.0,0.0,0.0,0.0635,0.00016966666666666668,0.006333333333333333,0.021150000000000002,0.0003366666666666667,0.009666666666666667,0.001338333333333333,0.08033333333333333,0.000995,5.333333333333334e-05,0.0,0.0,0.0,0.0,0.0,0.0,0.0,0.0,0.0,0.0,0.0,0.0,0.0,0.0,0.0,0.0,0.0,0.0,0.0,0.0,0.0,0.0,0.0,0.0,0.0,0.0,0.0,2.05e-06,0.0,0.0,0.0,0.0,0.0,0.0,0.0,0.0,0.0,0.0,0.0,0.0,20.0
789833,"Flour, all-purpose, enriched",0.00045475,0.0069050000000000005,0.0,0.0,0.0,0.0,0.0,0.0,0.0,0.0,0.0,0.0,0.0,0.0,0.0,0.0,0.0,0.0,0.0,0.0,0.0,0.0,0.0,0.0,0.0,0.0,0.0,0.0,0.0,0.0,0.0,0.0,0.0,0.0,0.0,0.0,0.0,0.0,0.0,0.0,0.0,0.0,0.0,0.0,0.0009966666666666668,0.0,0.0,0.0,0.0,0.0,0.0,0.0,0.0,0.0,0.0,0.0,0.0,0.0,0.0,0.0,0.0,0.0,0.0,0.0,0.0,0.0,0.0,0.0,0.0,0.0,0.0,0.0,0.0,0.0,0.0,0.0,0.0,0.0,0.0,0.0,0.0,0.0,0.0,0.0,0.0,20.0
529945,GARLIC,0.0,0.0,0.0,0.0,0.0,0.0,0.0,0.0,0.0,0.0,0.0,0.0,0.0,0.0,0.0,0.0,0.0,0.0,0.0,0.0,0.0,0.03944444444444445,0.0,0.0,0.0,0.0,0.0,0.0,0.0,0.0,0.0,0.0,0.0,0.0,0.0,0.0,0.0,0.8756666666666667,0.0,0.0,0.16675000000000004,0.0,0.0,0.0,0.0,0.000148,0.0,0.0,0.0,0.0,0.0,0.0,0.0,0.0,0.017555555555555557,0.0,0.0,0.0,0.0,0.0,0.0,0.0,0.0,0.0,0.0,0.0,0.0,0.0,0.0,0.0,0.0,0.0,9.75e-06,0.0,0.0,0.0,0.0,0.0,0.0,0.0,0.0,0.0,0.0,0.0,0.0,11.0
790023,"Flour, whole wheat, unenriched",0.00012785714285714286,0.005552857142857143,0.0,0.0,0.0,0.0,0.0,0.0,0.0,0.0,0.0,0.0,0.0,0.0,0.0,0.0,0.0,0.0,0.0,0.0,0.0,0.0,0.0,0.0,0.0,0.0,0.0,0.0,0.0,0.0,0.0,0.0,0.0,0.0,0.0,0.352,0.00045200000000000004,0.003,0.136,0.00386,0.038,0.0032400000000000003,0.376,0.0035600000000000002,0.0005041428571428572,0.0,0.0,0.0,0.0,0.0,0.0,0.0,0.0,0.0,0.0,0.0,0.0,0.0,0.0,0.0,0.0,0.0,0.0,0.0,0.0,0.0,0.0,0.0,0.0,0.0,0.0,0.0,2.36e-05,0.0,0.0,0.0,0.0,0.0,0.0,0.0,3.9e-05,0.0,0.0,0.0,0.0,20.0
790090,"Flour, bread, white, enriched",0.0004358333333333334,0.006554999999999999,0.0,0.0,0.0,0.0,0.0,0.0,0.0,0.0,0.0,0.0,0.0,0.0,0.0,0.0,0.0,0.0,0.0,0.0,0.0,0.0,0.0,0.0,0.0,0.0,0.0,0.0,0.0,0.0,0.0,0.0,0.0,0.0,0.0,0.0,0.0,0.0,0.0,0.0,0.0,0.0,0.0,0.0,0.0009531666666666667,0.0,0.0,0.0,0.0,0.0,0.0,0.0,0.0,0.0,0.0,0.0,0.0,0.0,0.0,0.0,0.0,0.0,0.0,0.0,0.0,0.0,0.0,0.0,0.0,0.0,0.0,0.0,0.0,0.0,0.0,0.0,0.0,0.0,0.0,0.0,0.0,0.0,0.0,0.0,0.0,20.0
329835,"Tocopherols, Greek yogurt, CHOBANI PLAIN NON-FAT (AL1,CA1) - NFY091103",0.0,0.00020333333333333336,7.833333333333333e-07,0.0,0.018,0.0,0.0,0.0,0.0008333333333333334,0.014666666666666666,0.0,0.006666666666666667,0.007333333333333333,0.0033333333333333335,0.05566666666666666,0.0026666666666666666,0.04933333333333334,0.02266666666666667,0.0,0.0,0.0016666666666666668,0.005,0.0,0.0,0.0,0.0,0.0,0.0,0.0,0.0,1e-05,0.0,0.0,0.0,0.0,0.13283333333333333,1.6333333333333335e-05,0.035500000000000004,0.010416666666666666,7.333333333333333e-05,0.10966666666666668,0.000505,0.1411666666666667,7.499999999999999e-06,0.0,0.0,0.0,0.0,0.0,0.0,0.0,0.0,0.0,0.0,0.0,0.28,0.63,0.18,1.12,0.35,0.5,0.52,0.49,0.49,0.13,0.33,0.0,0.0,0.98,0.28,0.7,0.0008,0.0,0.0,2.5,0.0030000000000000005,0.0,0.0,0.7,0.09,0.0,0.0,0.0,0.0,0.0,1.0
1104769,"FLOUR, RICE, BROWN (ORGANIC)",7.6e-06,0.005988,0.0,0.0,0.0,0.0,0.0,0.0,0.0,0.0,0.0,0.0,0.0,0.0,0.0,0.0,0.0,0.0,0.0,0.0,0.0,0.0,0.0,0.0,0.0,0.0,0.0,0.0,0.0,0.0,0.0,0.0,0.0,0.0,0.0,0.31900000000000006,0.0002856,0.0014,0.1238,0.0015,0.0102,0.0019099999999999998,0.2652,0.002836,0.0002753333333333333,0.0,0.0,0.0,0.0,0.0,0.0,0.0,0.0,0.0,0.0,0.0,0.0,0.0,0.0,0.0,0.0,0.0,0.0,0.0,0.0,0.0,0.0,0.0,0.0,0.0,0.0,0.0,8.063333333333333e-06,0.0,0.0,0.0,0.0,0.0,0.0,0.0,0.0,0.0,0.0,0.0,0.0,20.0
790151,"Flour, Rice, white, unenriched",0.0,0.0011916666666666666,0.0,0.0,0.0,0.0,0.0,0.0,0.0,0.0,0.0,0.0,0.0,0.0,0.0,0.0,0.0,0.0,0.0,0.0,0.0,0.0,0.0,0.0,0.0,0.0,0.0,0.0,0.0,0.0,0.0,0.0,0.0,0.0,0.0,0.094,0.00020899999999999998,0.005,0.0229,0.00022,0.006,0.0011899999999999999,0.075,0.000892,8.716666666666667e-05,0.0,0.0,0.0,0.0,0.0,0.0,0.0,0.0,0.0,0.0,0.0,0.0,0.0,0.0,0.0,0.0,0.0,0.0,0.0,0.0,0.0,0.0,0.0,0.0,0.0,0.0,0.0,5.299999999999999e-06,0.0,0.0,0.0,0.0,0.0,0.0,0.0,1.6e-05,0.0,0.0,0.0,0.0,20.0
324163,"Tocopherols, Onion rings, frozen, ALEXIA (FL,MO) - NFY120685",0.0,0.00162,0.0,0.0036666666666666666,0.011333333333333334,0.0,0.0,0.015333333333333332,0.48333333333333334,0.011999999999999999,0.0036666666666666666,0.006333333333333333,0.005666666666666667,0.004666666666666667,1.5466666666666666,0.013999999999999999,3.01,0.5996666666666667,0.0,0.030333333333333334,0.037,0.0,0.04133333333333333,0.0,0.0,0.04766666666666666,0.0,0.0,0.0,0.005059999999999999,0.00071,1.0333333333333334,0.0004,0.7666666666666666,0.0,0.0874,0.00010180000000000001,0.3062,0.026180000000000002,0.0008439999999999999,0.023799999999999998,0.00091,0.1552,0.0005775999999999999,0.0,0.0,1.5666666666666667,1.1333333333333335,0.0021866666666666666,0.00026000000000000003,0.0,0.0,0.0,0.0,0.0017,0.0,0.0,0.0,0.0,0.0,0.0,0.0,0.0,0.0,0.0,0.0,0.0,0.0,0.0,0.0,0.0,0.0364,0.0,29.266666666666666,0.0,0.0,0.00282,0.0,0.0,0.0,2.6999999999999996e-05,0.0,0.0,0.0,0.0,11.0
329374,"Whole eggs, dried",0.0,0.0,0.0,0.0,0.0,0.0,0.0,0.0,0.0,0.0,0.0,0.0,0.0,0.0,0.0,0.0,0.0,0.0,0.0,0.0,0.0,1.6964705882352942,0.0,0.0,0.0,0.0,0.0,0.0,0.0,0.0,0.0,0.0,0.0,0.0,0.0,0.7703529411764706,0.0,0.48511764705882354,0.044605882352941176,0.00697235294117647,0.21964705882352942,0.005023529411764706,0.46794117647058825,0.0,0.0,0.0,0.0,0.0,0.0,0.0,0.0,0.0,0.0,0.0,0.0,0.0,0.0,0.0,0.0,0.0,0.0,0.0,0.0,0.0,0.0,0.0,0.0,0.0,0.0,0.0,0.0,0.0,0.0,0.0,0.0,0.0,0.0,0.0,0.0,0.0,0.0,0.0,0.0,0.0,0.0,1.0
329601,"Egg yolks, dried",0.0,0.0,0.0,0.0,0.0,0.0,0.0,0.0,0.0,0.0,0.0,0.0,0.0,0.0,0.0,0.0,0.0,0.0,0.0,0.0,0.0,2.3452941176470588,0.0,0.0,0.0,0.0,0.0,0.0,0.0,0.0,0.0,0.0,0.0,0.0,0.0,0.9821176470588237,0.0,0.149,0.025964705882352942,0.00928294117647059,0.2705294117647059,0.0071052941176470595,0.23105882352941176,0.0,0.0,0.0,0.0,0.0,0.0,0.0,0.0,0.0,0.0,0.0,0.0,0.0,0.0,0.0,0.0,0.0,0.0,0.0,0.0,0.0,0.0,0.0,0.0,0.0,0.0,0.0,0.0,0.0,0.0,0.0,0.0,0.0,0.0,0.0,0.0,0.0,0.0,0.0,0.0,0.0,0.0,1.0
321904,"MILK, 1%",0.00014066666666666668,0.00011500000000000002,6.125e-07,0.0009166666666666666,0.08424999999999999,0.0,0.00016666666666666666,8.333333333333333e-05,0.0015833333333333333,0.020583333333333332,0.00325,0.024333333333333332,0.02366666666666667,0.0095,0.23875,0.011000000000000001,0.1725,0.08850000000000001,0.0,0.001,0.0004166666666666667,0.005125,0.0003333333333333333,0.01966666666666667,0.0,0.0,0.0065,0.0005416666666666668,0.0,0.0,1.6666666666666667e-05,0.0,0.00036816666666666665,0.0,0.0,0.10366666666666667,9.166666666666666e-07,0.03925,0.012108333333333334,0.0,0.12725,0.00043000000000000004,0.15933333333333333,0.0,5.6416666666666665e-05,5.766666666666666e-05,0.0,0.0,0.0,0.0,0.0,0.0,9.166666666666666e-07,0.0,0.0,0.09249999999999999,0.21083333333333334,0.07,0.35000000000000003,0.1275,0.17416666666666666,0.19416666666666668,0.16666666666666666,0.16666666666666666,0.04583333333333334,0.11166666666666668,0.0,0.03666666666666667,0.3416666666666666,0.09916666666666667,0.2866666666666667,0.0009000000000000001,2.333333333333333e-06,0.0,4.966666666666667,0.01325,0.0,0.0,0.0,0.0,1.75e-06,0.0,0.0,0.0,1.0666666666666667e-06,1.0
333377,"Fatty Acids, Pollock, raw (CT) - NFY060DMU",0.0,0.0006533333333333333,1.6333333333333333e-06,0.004625,0.00425,0.11625,0.003875,0.0,0.0011250000000000001,0.0016250000000000001,0.000125,0.003875,0.00125,0.001,0.087375,0.003375,0.048375,0.028499999999999998,0.001375,0.00025,0.0095,0.046000000000000006,0.000125,0.002375,0.0,0.0,0.0,0.0011875,0.0053750000000000004,0.0,0.00049,0.0,0.00023666666666666668,0.0,0.0,0.28400000000000003,3.075e-05,0.33325,0.016112500000000002,0.00022125,0.014875000000000001,0.00030750000000000005,0.15962500000000002,1.1e-05,0.0,0.0,0.0,0.0,0.0,0.0,0.0,0.0,0.0,0.0,0.0,0.4,0.67,0.59,0.5,0.93,0.62,0.54,0.49,0.51,0.18,0.75,0.0,0.0,1.06,0.28,1.31,0.0,0.0,0.0,0.0,0.000125,0.0,0.0,0.0,0.14,0.0,0.0,0.0,0.0,2e-07,15.0
167661,"Restaurant, Latino, pupusas con frijoles (pupusas, bean)",3e-05,0.000867,0.0,0.011000000000000001,0.069,0.001,0.0030000000000000005,0.008,0.32975,0.008,0.01,0.035,0.007,0.005,1.4184999999999999,0.10266666666666667,2.781,0.607,0.0,0.023,0.056,0.0,0.012,0.004,0.004,0.001,0.003,0.005666666666666667,0.001,0.00413,0.00035999999999999997,0.0,0.000303,0.32,0.0,0.14400000000000002,0.00014099999999999998,0.305,0.0538,0.00146,0.051000000000000004,0.00094,0.305,0.00034399999999999996,7.7e-05,0.0,0.76,0.22,4e-05,2e-05,1e-05,0.0,0.0,7.4e-06,0.0,0.1015,0.2625,0.213,0.305,0.298,0.223,0.3145,0.1405,0.295,0.056,0.295,0.0,0.0,0.534,0.167,0.5529999999999999,0.0008,7e-06,23.59,0.0,0.002,0.00066,0.00011,0.0,0.0785,0.0,0.0,0.0,0.00027,0.0,25.0
326633,"Mustard, yello, Prepared, French's Classic yello Mustard, Vitmain E - NFY0210KZ",0.0,0.0,0.0,0.0,0.0,0.0,0.0,0.0,0.0,0.0,0.0,0.0,0.0,0.0,0.0,0.0,0.0,0.0,0.0,0.0,0.0,0.0,0.0,0.0,0.0,0.0,0.0,0.0,0.0,0.0,0.0,0.0,0.0,0.0,0.0,0.101,9.2e-05,1.08,0.0445,0.00158,0.064,0.0006,0.14200000000000002,0.00034399999999999996,0.0,0.0,0.0,0.0,0.0,0.0,0.0,0.0,0.0,0.0,0.0,0.0,0.0,0.0,0.0,0.0,0.0,0.0,0.0,0.0,0.0,0.0,0.0,0.0,0.0,0.0,0.0,0.0,0.0,0.0,0.0,0.0,0.0,0.0,0.0,0.0,0.0,0.0,0.0,0.0,0.0,2.0
334636,"Starch, Pupusas, Bean, flat stuffed corn biscuit (CA-AL,IL) - NFY0901V9",0.0,0.0008666666666666667,0.0,0.011333333333333334,0.06899999999999999,0.0013333333333333333,0.0028333333333333335,0.007833333333333333,0.3295,0.007833333333333333,0.009666666666666667,0.035333333333333335,0.007333333333333333,0.0055000000000000005,1.418,0.1025,2.77,0.6075,0.0,0.023500000000000004,0.055999999999999994,0.0,0.012166666666666666,0.003833333333333333,0.0045,0.0013333333333333333,0.0,0.0045,0.0013333333333333333,0.0041333333333333335,0.00036,0.0,0.00030333333333333335,0.315,0.0,0.14433333333333334,0.00014133333333333334,0.30533333333333335,0.05363333333333334,0.0014600000000000001,0.051333333333333335,0.0009433333333333334,0.30483333333333335,0.00034416666666666667,0.0,0.0,0.7633333333333333,0.21166666666666667,4e-05,1.3333333333333335e-05,6.6666666666666675e-06,0.0,0.0,7.4e-06,0.0,0.10333333333333333,0.26666666666666666,0.21666666666666667,0.31,0.3033333333333333,0.22666666666666666,0.32,0.14333333333333334,0.3,0.056666666666666664,0.3,0.0,0.0,0.5433333333333333,0.17,0.5633333333333334,0.0008,0.0,23.583333333333332,0.0,0.0023333333333333335,0.0006633333333333334,0.00010666666666666665,0.0,0.08,0.0,0.0,0.0,0.00027,0.0,25.0
323607,Egg whites,0.0,0.0,0.0,0.0,0.0,0.0,0.0,0.0,0.0,0.0,0.0,0.0,0.0,0.0,0.0,0.0,0.0,0.0,0.0,0.0,0.0,0.0007999999999999999,0.0,0.0,0.0,0.0,0.0,0.0,0.0,0.0,0.0,0.0,0.0,0.0,0.0,0.0,0.0,0.1583220338983051,0.0106,5.6140350877192984e-05,0.006232142857142858,1.9375e-05,0.14973469387755103,0.0,0.0,0.0,0.0,0.0,0.0,0.0,0.0,0.0,0.0,0.0,0.0,0.0,0.0,0.0,0.0,0.0,0.0,0.0,0.0,0.0,0.0,0.0,0.0,0.0,0.0,0.0,0.0,0.0,0.0,0.0,0.0,0.0,0.0,0.0,0.0,0.0,0.0,0.0,0.0,0.0,0.0,1.0
1104652,"FLOUR, SOY (DEFATTED)",0.0002982,0.0034300000000000003,0.0,0.0,0.0,0.0,0.0,0.0,0.0,0.0,0.0,0.0,0.0,0.0,0.0,0.0,0.0,0.0,0.0,0.0,0.0,0.0,0.0,0.0,0.0,0.0,0.0,0.0,0.0,0.0,0.0,0.0,0.0,0.0,0.0,0.726,0.0015140000000000002,0.002,0.313,0.0073360000000000005,0.3376,0.004436000000000001,2.484,0.0038120000000000003,0.0005420000000000001,0.0,0.0,0.0,0.0,0.0,0.0,0.0,0.0,0.0,0.0,0.622,2.314,1.786,2.836,3.934,2.314,2.698,1.7440000000000002,2.8600000000000003,0.616,2.8600000000000003,0.176,1.01,4.106,1.272,4.978,0.0,4.582e-05,0.0,0.0,0.0,0.0,0.0,0.0,0.0,0.0,0.0,0.0,0.0,0.0,16.0
320028,"MILK, 2%",0.00013675000000000002,0.00011250000000000001,5.458333333333333e-07,0.0026666666666666666,0.18133333333333335,0.0,0.0007500000000000001,0.0003333333333333333,0.0032916666666666667,0.049249999999999995,0.007416666666666666,0.0525,0.057499999999999996,0.01941666666666667,0.5119166666666667,0.024333333333333332,0.3575,0.18391666666666664,0.0,0.002,0.0012083333333333334,0.00788,0.0011666666666666668,0.04133333333333333,0.0004166666666666667,0.00025,0.014333333333333332,0.001,0.0,0.0,2.8333333333333335e-05,0.0,0.00038966666666666663,0.0,0.0,0.10333333333333333,1.4166666666666667e-06,0.03891666666666666,0.011958333333333333,0.0,0.12583333333333332,0.00043,0.15866666666666665,7.5e-07,5.933333333333334e-05,8.283333333333332e-05,0.0,0.0,0.0,0.0,0.0,0.0,2.25e-06,0.0,0.0,0.08916666666666667,0.21333333333333335,0.06833333333333334,0.33249999999999996,0.125,0.17333333333333334,0.19666666666666666,0.165,0.16333333333333333,0.0425,0.11333333333333334,0.0,0.034999999999999996,0.33499999999999996,0.09916666666666667,0.29083333333333333,0.0007333333333333333,1.8333333333333333e-06,0.0,4.89,0.03183333333333333,0.0,0.0,0.0,0.0,1.5833333333333333e-06,0.0,0.0,0.0,1.125e-06,1.0
329493,Egg yolk,0.0,0.0,0.0,0.0,0.0,0.0,0.0,0.0,0.0,0.0,0.0,0.0,0.0,0.0,0.0,0.0,0.0,0.0,0.0,0.0,0.0,1.0001333333333333,0.0,0.0,0.0,0.0,0.0,0.0,0.0,0.0,0.0,0.0,0.0,0.0,0.0,0.44326666666666664,0.0,0.06586666666666667,0.011226666666666666,0.004128000000000001,0.11933333333333333,0.0029306666666666665,0.10246666666666668,6.813333333333334e-05,0.0,0.0,0.0,0.0,0.0,0.0,0.0,0.0,0.0,0.0,0.0,0.0,0.0,0.0,0.0,0.0,0.0,0.0,0.0,0.0,0.0,0.0,0.0,0.0,0.0,0.0,0.0,0.0,0.0,0.0,0.0,0.0,0.0,0.0,0.0,0.0,0.0,0.0,0.0,0.0,5.76e-06,1.0
322022,"MILK, SKIM",0.000131,0.00011666666666666668,5.741666666666666e-07,8.333333333333333e-05,0.016166666666666666,0.0,0.0,0.0,0.00020833333333333335,0.004166666666666667,0.0005,0.0034999999999999996,0.005,0.0021666666666666666,0.04800000000000001,0.002166666666666667,0.03216666666666667,0.0165,0.0,8.333333333333333e-05,8.333333333333333e-05,0.00248,0.00016666666666666666,0.005083333333333333,0.0,0.0,0.0009166666666666666,4.1666666666666665e-05,0.0,0.0,1.1666666666666668e-05,0.0,0.00038800000000000005,0.0,0.0,0.10625000000000001,1.916666666666667e-06,0.041166666666666664,0.012374999999999999,0.0,0.13025,0.00044500000000000003,0.167,1e-06,5.6e-05,6.425e-05,0.0,0.0,0.0,0.0,0.0,0.0,1.6666666666666665e-06,0.0,0.0,0.09249999999999999,0.22083333333333333,0.07,0.3466666666666667,0.13083333333333333,0.18166666666666667,0.2025,0.16833333333333333,0.1691666666666667,0.04666666666666667,0.1175,0.0,0.03666666666666667,0.3466666666666667,0.10083333333333333,0.29833333333333334,0.0009333333333333334,1.75e-06,0.0,5.0441666666666665,0.0023333333333333335,0.0,0.0,0.0,0.0,2e-06,3.333333333333333e-07,1.6666666666666665e-07,0.0,1.0999999999999998e-06,1.0
333284,"Fatty Acids, Haddock, raw (CT) - NFY060CMM",0.0,0.003363333333333333,1.8333333333333333e-06,0.008875,0.00425,0.08875,0.004625,0.0,0.0016250000000000001,0.001375,0.0,0.0025,0.001375,0.0011250000000000001,0.06275,0.003375,0.0365,0.020125,0.0,0.000125,0.004875,0.054,0.0,0.00125,0.0011250000000000001,0.0,0.0,0.0009375,0.003875,0.0,0.00045000000000000004,0.0,0.0004033333333333334,0.0,0.0,0.22712500000000002,2.075e-05,0.213,0.0211,0.0001675,0.011000000000000001,0.000325,0.286375,1.1e-05,0.0,0.0,0.0,0.0,0.0,0.0,0.0,0.0,0.0,0.0,0.0,0.0,0.0,0.0,0.0,0.0,0.0,0.0,0.0,0.0,0.0,0.0,0.0,0.0,0.0,0.0,0.0,0.0,0.0,0.0,0.0,0.0,0.0,0.0,0.0,0.0,0.0,0.0,0.0,0.0,4.6666666666666666e-07,15.0
328643,"Fatty Acids, Cottage cheese, 2% milkfat, BREAKSTONE (CT,NC) - NFY120BN5",0.0,8.999999999999999e-05,3.75e-07,0.0022500000000000003,0.19175,0.0,0.0005,0.00025,0.0035,0.05575,0.00975,0.04725,0.05825,0.02075,0.5515,0.02675,0.38925,0.18875,0.0,0.00275,0.0025,0.012,0.0005,0.03775,0.0,0.0,0.0,0.0011250000000000001,0.0,0.0,7.500000000000001e-05,0.0,0.00057,0.0,0.0,0.15075,4.6e-05,0.2725,0.00905,0.00016,0.12825,0.0004,0.1235,1.5e-05,0.0,0.0,0.0,0.0,0.0,0.0,0.0,0.0,0.0,0.0,0.0,0.0,0.0,0.0,0.0,0.0,0.0,0.0,0.0,0.0,0.0,0.0,0.0,0.0,0.0,0.0,0.0,0.0,0.0,0.0,0.0,0.03225,0.0,0.0,0.0,0.0,7e-06,0.0,0.0,0.0,0.0,1.0
322563,"MILK, WHOLE",0.00013776923076923078,0.000105,5.05e-07,0.004461538461538462,0.30323076923076925,0.0,0.0016923076923076922,0.0008333333333333334,0.00612,0.08407692307692308,0.013333333333333334,0.08191666666666667,0.09692307692307692,0.03233333333333333,0.8573076923076923,0.03992307692307692,0.6182307692307691,0.30900000000000005,0.0,0.004166666666666667,0.0022,0.0116875,0.00175,0.06738461538461539,0.0007500000000000001,0.0009166666666666666,0.024249999999999997,0.0018333333333333333,0.0,0.0,4e-05,0.0,0.0003615,0.0,0.0,0.10116666666666667,1e-06,0.03783333333333333,0.011866666666666666,0.0,0.12291666666666667,0.0004133333333333333,0.15,0.0,5.5615384615384614e-05,3.1285714285714285e-05,0.0,0.0,0.0,0.0,0.0,0.0,5.923076923076923e-06,3e-07,0.0,0.09000000000000001,0.20666666666666667,0.06916666666666667,0.3333333333333333,0.12666666666666668,0.17333333333333334,0.18833333333333332,0.1625,0.16083333333333333,0.043333333333333335,0.11,0.0,0.0375,0.3333333333333333,0.09666666666666666,0.2791666666666667,0.0007500000000000001,1.8826086956521737e-06,0.0,4.809166666666667,0.05438461538461538,0.0,0.0,0.0,0.0,0.0,0.0,0.0,0.0,9.583333333333334e-07,1.0
330419,"Fatty Acids, Oil, coconut, LOU ANA (NC) - NFY120PDM",0.0,0.0,0.0,0.0,16.660000000000004,0.0,0.0,0.0314,0.008900000000000002,5.382,0.0,0.0218,41.760000000000005,0.014799999999999999,8.682,0.016399999999999998,6.246,2.524,0.0,0.0766,0.040999999999999995,0.0,0.0194,0.010400000000000001,0.0,0.0,0.0,0.0,0.0,0.0,0.00017,0.0,0.0,0.0,0.0,0.0,0.0,0.0,0.0,5.666666666666667e-05,0.001,1.6666666666666667e-05,0.0,0.0,0.0,0.0,0.0,0.0,0.00063,0.00015500000000000003,0.00033,0.0,0.0,6e-07,0.0,0.0,0.0,0.0,0.0,0.0,0.0,0.0,0.0,0.0,0.0,0.0,0.0,0.0,0.0,0.0,0.0,0.0,0.0,0.0,0.0,0.48100000000000004,0.00021500000000000002,0.00238,0.0,0.0,0.0,0.0,0.0,0.00044500000000000003,0.0,4.0
326649,"Mustard, yello, Prepared, Store Brand, Vitmain E - NFY0210N2",0.0,0.0,0.0,0.0,0.0,0.0,0.0,0.0,0.0,0.0,0.0,0.0,0.0,0.0,0.0,0.0,0.0,0.0,0.0,0.0,0.0,0.0,0.0,0.0,0.0,0.0,0.0,0.0,0.0,0.00213,0.00035499999999999996,0.0,0.0,0.0,0.0,0.0,0.0,0.0,0.0,0.0,0.0,0.0,0.0,0.0,0.0,0.0,0.0,0.0,2e-05,0.0,0.0,0.0,0.0,0.0,0.0,0.0,0.0,0.0,0.0,0.0,0.0,0.0,0.0,0.0,0.0,0.0,0.0,0.0,0.0,0.0,0.0,0.0,0.0,0.0,0.0,0.0,0.00011,7.500000000000001e-05,0.0,0.0,0.0,0.0,0.0,0.0,0.0,2.0
334539,"Cholesterol, Tamale, Pork (NM) - NFY09029J",5e-05,0.0012933333333333336,8.75e-08,0.03414285714285714,0.09814285714285716,0.0017142857142857144,0.005285714285714285,0.0035,0.0992857142857143,0.009285714285714286,0.011500000000000002,0.03933333333333333,0.009142857142857144,0.0055000000000000005,1.6922857142857144,0.1484285714285714,2.9757142857142855,0.8175714285714285,0.0,0.018166666666666668,0.05542857142857143,0.02,0.006166666666666667,0.0027142857142857142,0.01,0.0031666666666666666,0.0,0.006833333333333334,0.0005,0.004125,0.000395,0.0,0.000365,0.0,0.0,0.11971428571428573,5.028571428571429e-05,0.47300000000000003,0.026157142857142858,0.0008657142857142857,0.075,0.0011971428571428571,0.15157142857142855,0.00018633333333333335,4e-05,6.5000000000000004e-06,0.24,0.20833333333333334,2.5e-05,5e-06,7.000000000000001e-05,8.499999999999999e-05,0.000113,5.0999999999999995e-06,0.016399999999999998,0.165,0.27999999999999997,0.275,0.3,0.355,0.245,0.245,0.17,0.235,0.06,0.35,0.0,0.0,0.5,0.175,0.555,0.0,9.800000000000001e-06,12.533333333333333,0.0,0.0014285714285714284,0.000375,6.500000000000001e-05,0.0,0.07500000000000001,3.45e-05,5.8e-05,0.0,0.000135,0.0,25.0
326464,"Niacin, Mustard, yello, FRENCHS CLASSIC (CO,CT) - NFY120HZD",0.0,0.00054,0.0,0.0,0.005,0.0,0.0,0.011,0.2,0.022,0.0,0.0,0.004,0.003,0.132,0.008,0.892,0.042,0.0,0.025,0.354,0.0,0.018,0.0,0.0,0.002,0.0,0.0,0.0,0.00218,0.00031,0.38,0.00022,0.0,0.0,0.10466666666666667,6.85e-05,1.0616666666666668,0.0473,0.0016733333333333333,0.06116666666666667,0.0006083333333333333,0.1585,0.0004165,0.0,0.0,0.18,0.18,0.0,0.0,0.0,0.0,5.35e-05,1.35e-06,0.0,0.0,0.0,0.0,0.0,0.0,0.0,0.0,0.0,0.0,0.0,0.0,0.0,0.0,0.0,0.0,0.0,0.0,0.0,0.7,0.0,0.0,5e-05,0.0,0.0,0.0,7.499999999999999e-06,2.9e-05,1.5e-06,0.0,0.0,2.0
333960,"Tuna, chunk light, canned in water, drained solids",0.0,0.0,0.0,0.020555555555555556,0.0115,0.19394444444444445,0.003666666666666667,0.0028333333333333335,0.0008888888888888889,0.0,0.0,0.0015,0.0,0.005111111111111111,0.13516666666666666,0.01622222222222222,0.084,0.05455555555555555,0.0,0.002,0.0012777777777777779,0.0,0.0028333333333333335,0.0008888888888888889,0.0016666666666666666,0.0002777777777777778,0.0,0.0001388888888888889,0.004416666666666667,0.0,0.0,0.0,0.0,0.0,0.0,0.0,0.0,0.0,0.0,0.0,0.0,0.0,0.0,0.0,0.0,0.0,0.0,0.0,0.0,0.0,0.0,0.0,0.0,0.0,0.0,0.0,0.0,0.0,0.0,0.0,0.0,0.0,0.0,0.0,0.0,0.0,0.0,0.0,0.0,0.0,0.0,0.0,0.0,0.0,0.0,0.0,0.0,0.0,0.0,0.0,0.0,0.0,0.0,0.0,0.0,15.0
331661,"Pantothenic acid, Chicken, dark meat, lean only, drumstick, raw, non-enhanced (National) - 14B-04-01-B5",0.0,0.0,0.0,0.097,0.019,0.008,0.011,0.0,0.037,0.0,0.004,0.012,0.002,0.003,0.717,0.179,1.13,0.233,0.0,0.003,0.013,0.0,0.005,0.001,0.024,0.006,0.0,0.008,0.0,0.0,0.0,0.0,0.0,0.0,0.0,0.0,0.0,0.0,0.0,0.0,0.0,0.0,0.0,0.0,0.0,0.0,0.0,0.0,0.0,0.0,0.0,0.0,0.0,0.0,0.0,0.54,0.92,0.9,0.79,1.37,0.91,0.81,0.72,0.77,0.22,1.15,0.0,0.0,1.62,0.55,1.88,0.0,0.0,0.0,0.0,0.0,0.0,0.0,0.0,0.22,0.0,0.0,0.0,0.0,0.0,5.0
334465,"Sugars, Chinese Restaurant, Fried Rice (No Meat) (IN,NY) - NFY1209OW",0.0,0.0,0.0,0.0023333333333333335,0.011666666666666667,0.0,0.0,0.005333333333333333,0.059,0.0,0.0023333333333333335,0.0036666666666666666,0.0,0.0003333333333333333,0.34600000000000003,0.006666666666666667,0.574,0.11199999999999999,0.0,0.008666666666666668,0.006000000000000001,0.0,0.007666666666666666,0.0,0.0,0.005333333333333333,0.0,0.0,0.0,0.0,0.0,0.12333333333333334,0.0,0.0,0.0,0.04441666666666667,8.625e-05,0.36133333333333334,0.009658333333333333,0.00046083333333333333,0.011250000000000001,0.0006858333333333333,0.06925,0.00042775,0.0,0.0,0.3666666666666667,0.12333333333333334,0.0,0.0,0.0,3e-06,0.000128,0.0,0.0,0.0,0.0,0.0,0.0,0.0,0.0,0.0,0.0,0.0,0.0,0.0,0.0,0.0,0.0,0.0,0.0,0.0002,0.0,0.0,0.0,0.0,0.0,0.0,0.0,0.0,0.0,0.0,3.7999999999999995e-05,0.0,0.0,25.0
1112124,Hummus,0.00011500000000000002,0.0009483333333333335,0.0,0.004833333333333334,0.008833333333333334,0.0,0.0,0.02716666666666667,0.3183333333333333,0.0,0.0025,0.005999999999999999,0.0,0.0035,1.4116666666666668,0.020833333333333332,6.251666666666668,0.6335000000000001,0.0,0.07866666666666666,0.08383333333333333,0.0,0.044333333333333336,0.0,0.0,0.0195,0.0,0.0,0.004833333333333333,0.009466666666666667,0.001745,0.0,0.0003175,0.0,0.0,0.11546153846153846,0.0002721025641025641,0.41274911660777386,0.07110909090909091,0.0024350359712230216,0.0450863309352518,0.001379090909090909,0.1489041095890411,0.0004916666666666667,0.00015000000000000001,0.00028794972067039106,0.185,0.15,0.000305,0.0,0.0,0.0,1.2e-05,1.725e-05,0.005432795698924731,0.0,0.0,0.0,0.0,0.0,0.0,0.0,0.0,0.0,0.0,0.0,0.0,0.0,0.0,0.0,0.0,0.0002,1.615e-05,8.116666666666667,0.0,0.0,0.0013016666666666667,0.0,0.0,0.0,7.894444444444444e-05,3e-06,0.0,0.0,0.0,16.0
174289,"Hummus, commercial",0.000121,0.000986,0.0,0.005333333333333333,0.009,0.0,0.0,0.0275,0.45483333333333337,0.0,0.0025,0.006,0.0,0.0035,1.536,0.018333333333333337,5.586666666666666,0.6805,0.0,0.077,0.0695,0.0,0.0445,0.0,0.0,0.017,0.0,0.0,0.003,0.010245,0.0010933333333333333,0.0,0.00033200000000000005,0.0,0.0,0.1735,0.0003625,0.432,0.07305,0.002475,0.044,0.0014099999999999998,0.3005,0.0011075,0.000155,6.25e-06,0.26,0.21500000000000002,0.000325,0.0,0.0,0.0,1.2e-05,1.9999999999999998e-05,0.0,0.0,0.0,0.0,0.0,0.0,0.0,0.0,0.0,0.0,0.0,0.0,0.0,0.0,0.0,0.0,0.0,0.0002,1.0449999999999998e-05,8.1,0.0,0.0,0.00169,0.0,0.0,0.0,3.6e-05,3e-06,0.0,0.0,0.0,16.0
333494,"Fatty Acids, Tuna, canned, in water, drained solids,  BUMBLEBEE CHUNK LIGHT, IN WATER  (CO,CT) - NFY090S1B",0.0,0.00836,3e-06,0.02666666666666667,0.015666666666666666,0.232,0.006333333333333333,0.002,0.005333333333333333,0.004,0.0,0.001,0.0013333333333333333,0.007333333333333333,0.16533333333333333,0.02033333333333333,0.11733333333333333,0.06133333333333333,0.0,0.0023333333333333335,0.005,0.036000000000000004,0.0030000000000000005,0.0,0.0026666666666666666,0.0,0.0,0.0003333333333333333,0.002,0.0,0.0,0.0,0.000148,0.0,0.0,0.12733333333333333,4.9833333333333336e-05,0.23650000000000002,0.020849999999999997,0.0016283333333333334,0.01916666666666667,0.0006533333333333333,0.168,1.8833333333333335e-05,0.0,0.0,0.0,0.0,0.0,0.0,0.0,0.0,0.0,0.0,0.0,0.0,0.0,0.0,0.0,0.0,0.0,0.0,0.0,0.0,0.0,0.0,0.0,0.0,0.0,0.0,0.0,0.0,0.0,0.0,0.0,0.0,0.0,0.0,0.0,0.0,0.0,0.0,0.0,0.0,1.3e-06,15.0
324658,"Fatty Acids, Peanut butter, creamy, SKIPPY (MI) - NFY120C7X",0.0,0.013533333333333333,0.0,0.017666666666666667,0.022333333333333334,0.0,0.0,0.7305,0.012916666666666667,0.0,0.011000000000000001,0.013,0.0,0.005833333333333334,4.806666666666667,0.0305,24.400000000000002,2.103333333333333,0.0,0.6685,0.5884999999999999,0.0,1.5,0.0,0.0,0.0005,0.0,0.005,0.0,0.007260000000000001,0.009045000000000001,0.0,0.0010400000000000001,0.0,0.0,0.34566666666666673,0.0004086666666666667,0.4355,0.17083333333333336,0.001645,0.04633333333333334,0.0025866666666666664,0.574,0.0016833333333333333,0.0,0.0,10.733333333333334,0.0,0.000555,0.0,0.0,0.0,0.0,0.0,0.0,0.0,0.0,0.0,0.0,0.0,0.0,0.0,0.0,0.0,0.0,0.0,0.0,0.0,0.0,0.0,0.0,0.0,0.0,3.5999999999999996,0.0,0.0,0.0005650000000000001,0.0,0.0,0.0,8.9e-05,0.0,0.0,0.0,0.0,16.0
174266,"Peanut butter, smooth style, with salt",0.0001915,0.013206,0.0,0.018,0.0205,0.0,0.0,0.73,0.018333333333333333,0.0,0.011,0.0385,0.0,0.006,4.7455,0.03,24.76,2.1705,0.0,0.7155,0.5783333333333333,0.0,1.6865,0.0,0.0,0.001,0.0,0.006666666666666667,0.0,0.00758,0.00607,0.135,0.0011235,0.0,0.0,0.337,0.00042100000000000004,0.4275,0.1685,0.001735,0.049,0.002525,0.561,0.0016725,0.000144,0.0,10.225,0.125,0.0005200000000000001,0.0,0.0,0.0,0.0,3e-07,0.0,0.265,0.782,1.437,1.408,2.768,0.616,1.481,0.829,1.202,0.231,0.916,0.0,0.0,1.546,0.557,3.054,0.0008,4.1e-06,3.5949999999999998,0.0,0.0,0.0007149999999999999,0.0,0.0,0.229,6.939999999999999e-05,0.0,0.0,0.0,0.0,16.0
330477,"Amino Acids, Ground turkey, 93% lean, 7% fat, raw",0.0,0.0054175000000000004,1.2e-06,0.1085,0.068,0.00775,0.009999999999999998,0.001,0.060375,0.0035,0.0135,0.07375,0.010499999999999999,0.010249999999999999,1.4775,0.26549999999999996,2.4375,0.56575,0.0,0.00725,0.029249999999999998,0.074,0.0022500000000000003,0.00275,0.01975,0.006,0.0,0.00575,0.00575,0.00013000000000000002,0.00011,0.0,0.001,0.0,0.0,0.193,0.00010675,0.0695,0.021275000000000002,0.0011675000000000001,0.02075,0.0025325,0.21300000000000002,8.25e-06,0.0,0.0,0.0,0.0,0.0,0.0,0.0,0.0,0.0,0.0,0.0,0.54,0.84,1.07,0.84,1.35,0.81,0.79,0.64,0.71,0.21,1.16,0.2,0.0,1.51,0.51,1.77,0.0070999999999999995,0.0,0.0,0.0,0.0,2e-05,2e-05,0.0,0.2,0.0,0.0,0.0,4e-05,0.0,5.0
325877,"TURKEY BREAKFAST SAUSAGE, HONEYSUCKLE white",0.00029,0.00581,8.1e-07,0.07,0.08549999999999999,0.006,0.007,0.003,0.08524999999999999,0.0015,0.0325,0.0975,0.028999999999999998,0.011,1.6,0.153,2.565,0.639,0.0,0.0115,0.044,0.07200000000000001,0.0055,0.0015,0.012,0.006,0.010499999999999999,0.0045,0.0055,0.00017,0.00021,0.0,0.00101,0.0,0.0,0.1585,6.45e-05,0.4945,0.018050000000000004,0.001005,0.006,0.0022849999999999997,0.258,0.0,4.7000000000000004e-05,0.0,0.0,0.0,0.0,0.0,0.0,0.0,0.0,0.0,0.0,0.0,0.0,0.0,0.0,0.0,0.0,0.0,0.0,0.0,0.0,0.0,0.0,0.0,0.0,0.0,0.0,0.0,0.0,0.0,0.0,0.0,0.0,0.0,0.0,0.0,0.0,0.0,0.0,0.0,0.0,7.0
332288,"Lunchmeat, ham - NFY1210O9",0.0,0.0,0.0,0.052909090909090906,0.042090909090909095,0.0005454545454545455,0.005090909090909091,0.0,0.0066363636363636356,0.0029090909090909093,0.0033636363636363634,0.009000000000000001,0.0013636363636363635,0.0008181818181818183,0.7096363636363636,0.08981818181818181,1.3509090909090908,0.3483636363636364,0.0,0.004909090909090909,0.026636363636363635,0.0,0.0005454545454545455,0.0,0.009818181818181818,0.0,0.0,0.004318181818181818,0.0,0.0,0.0,0.0,0.0,0.0,0.0,0.0,0.0,0.0,0.0,0.0,0.0,0.0,0.0,0.0,0.0,0.0,0.0,0.0,0.0,0.0,0.0,0.0,0.0,0.0,0.0,0.0,0.0,0.0,0.0,0.0,0.0,0.0,0.0,0.0,0.0,0.0,0.0,0.0,0.0,0.0,0.0,0.0,0.0,0.0,0.0,0.0,0.0,0.0,0.0,0.0,0.0,0.0,0.0,0.0,0.0,7.0
323128,Almonds dry roasted salted,0.00157375,0.003095,0.0,0.0,0.0,0.0,0.0,0.0,0.0,0.0,0.0,0.0,0.0,0.0,0.0,0.0,0.0,0.0,0.0,0.0,0.0,0.0,0.0,0.0,0.0,0.0,0.0,0.0,0.0,0.0,0.0,0.0,0.00023666666666666668,0.0,0.0,0.45561538461538464,0.0008698461538461539,0.25546153846153846,0.25853846153846155,0.0031692307692307692,0.2731538461538462,0.002803846153846154,0.6835384615384617,0.002020769230769231,0.0,0.0,0.0,0.0,0.0,0.0,0.0,0.0,0.0,0.0,0.0,0.0,0.0,0.0,0.0,0.0,0.0,0.0,0.0,0.0,0.0,0.0,0.0,0.0,0.0,0.0,0.0,0.0,0.0,0.0,0.0,0.0,0.0,0.0,0.0,0.0,3.5125e-05,0.0,0.0,0.0,0.0,12.0
325459,Sunflower seeds dry roasted salted,0.0,0.0,0.0,0.02,0.021666666666666667,0.0,0.0,0.18366666666666667,0.029666666666666664,0.0,0.005999999999999999,0.21266666666666667,0.0,0.009,2.2566666666666664,0.029333333333333333,33.166666666666664,2.1333333333333333,0.0,0.18166666666666664,0.14566666666666667,0.0,0.543,0.0,0.0,0.0016666666666666668,0.0,0.0,0.007,0.0009633333333333334,0.01966666666666667,0.0,0.0,0.0,0.0,0.0,0.0,0.0,0.0,0.0,0.0,0.0,0.0,0.0,0.00047333333333333336,0.0,3.1366666666666667,0.0,0.0009933333333333333,0.0,0.0,0.0,9.999999999999999e-06,1.1999999999999997e-06,0.0,0.0,0.0,0.0,0.0,0.0,0.0,0.0,0.0,0.0,0.0,0.0,0.0,0.0,0.0,0.0,0.0,0.0087,0.0,1.5,0.0,0.0,0.0003266666666666667,4.666666666666667e-05,0.0,0.0,0.0,1e-06,0.0,0.0,0.0,12.0
329722,"Niacin, Cheese, dry white, Queso seco, mixed composite",0.0,7e-05,1.64e-06,0.037,2.192,0.0021999999999999997,0.016999999999999998,0.008799999999999999,0.1142,0.5875999999999999,0.136,0.6376000000000001,0.6658,0.22999999999999998,6.148,0.3388,5.13,2.576,0.0026000000000000003,0.0382,0.0416,0.0782,0.0132,0.5096,0.0086,0.009,0.0,0.014799999999999999,0.0026000000000000003,4.4e-05,0.000478,0.0,0.000388,0.0,0.0,0.44980000000000003,2.68e-05,1.816,0.02572,0.000174,0.6282,0.003136,0.1182,1.76e-05,0.0,0.0,0.0,0.0,2.0000000000000003e-06,1.4000000000000001e-05,3.4e-05,0.0,3.3e-05,1.5e-06,0.0,0.535,1.475,0.435,2.385,0.91,1.165,1.37,1.275,1.17,0.31,0.75,0.0,0.0,2.29,0.675,1.82,0.0004,0.0,0.0,0.25,0.4,0.0,7.4e-05,0.205,0.15,0.0,2.4999999999999998e-06,0.0,0.00011200000000000001,1.8e-06,1.0
748970,"Bacon, cooked",0.0,0.0,0.0,0.15159259259259258,0.44748148148148154,0.0057777777777777775,0.02377777777777778,0.0028148148148148147,0.11838888888888889,0.032074074074074074,0.04159259259259259,0.11007407407407407,0.030962962962962963,0.017518518518518517,7.556666666666667,0.8088518518518518,14.014814814814814,3.7218518518518517,0.0,0.06762962962962964,0.13805555555555557,0.0,0.012814814814814814,0.002666666666666667,0.04314814814814815,0.011222222222222222,0.007555555555555556,0.034444444444444444,0.0021111111111111113,0.0,0.0,0.0,0.0,0.0,0.0,0.4671818181818182,0.0001771818181818182,1.7836363636363637,0.038363636363636364,0.001201818181818182,0.013727272727272727,0.003768181818181818,0.5982727272727273,0.0,0.0,0.0,3.5554166666666664,0.0,0.0,0.0,0.0,0.0,0.0,0.0,0.0,0.0,0.0,0.0,0.0,0.0,0.0,0.0,0.0,0.0,0.0,0.0,0.0,0.0,0.0,0.0,0.0,0.0,0.0,0.0,0.0,0.0012962962962962965,0.0,0.0,0.0,0.0,0.0,0.0,0.0,0.0,0.0,10.0
323299,"CHEESE, RICOTTA, WHOLE MILK, GALBANI",0.00036666666666666667,0.00021500000000000002,6.8e-07,0.014499999999999999,1.1275,0.0,0.00675,0.0032500000000000003,0.02025,0.29774999999999996,0.04875,0.24375,0.35,0.1165,3.37,0.1845,2.185,1.0125,0.0,0.0145,0.02,0.04633333333333334,0.00625,0.2515,0.003,0.0,0.11475,0.005875,0.0,0.0,0.0,0.0,0.0007800000000000001,0.0,0.0,0.15425,0.0,0.08975,0.021425,0.00011750000000000001,0.21350000000000002,0.0003225,0.28200000000000003,0.0,0.0,0.0,0.0,0.0,0.0,0.0,0.0,0.0,0.0,0.0,0.0,0.15,0.29,0.12,0.49,0.19,0.33,0.32,0.22,0.24,0.1,0.29,0.0,0.16,0.7,0.16,0.66,0.0,5.666666666666667e-06,0.0,0.0,0.1965,0.0,0.0,0.0,0.0,9e-06,0.0,0.0,0.0,0.0,1.0
325051,"Niacin, American cheese, pasteurized process, KRAFT - NFY090HJK",0.0,7.000000000000001e-05,1.55e-06,0.047,2.92,0.003,0.021,0.009,0.133,0.799,0.019,0.865,0.882,0.308,8.04,0.37,6.33,3.23,0.0,0.046,0.22,0.10300000000000001,0.021,0.601,0.008,0.0,0.0,0.0165,0.002,0.00013000000000000002,0.0008,0.0,0.0004,0.0,0.0,0.71,5.15e-05,1.6825,0.026675,0.0008175,1.245,0.0025075,0.121,4.6e-05,0.0,0.0,0.0,0.0,0.0,2e-05,8.999999999999999e-05,0.0,7.8e-05,3.9e-06,0.0,0.0,0.0,0.0,0.0,0.0,0.0,0.0,0.0,0.0,0.0,0.0,0.0,0.0,0.0,0.0,0.0,0.0027,0.0,0.0,1.32,0.504,4e-05,2e-05,0.07,0.0,0.0,1.1e-05,0.0,2e-05,7.499999999999999e-06,1.0
328847,"Fatty Acids, Mozzarella cheese, low-moisture, part-skim, SARGENTO",0.0,0.00012666666666666666,1.3333333333333332e-06,0.03166666666666667,1.9400000000000002,0.0,0.011500000000000002,0.005,0.036333333333333336,0.5395,0.09866666666666667,0.48333333333333334,0.6188333333333333,0.2015,5.385000000000001,0.2531666666666667,4.046666666666667,2.0233333333333334,0.0,0.028333333333333335,0.035333333333333335,0.065,0.007166666666666666,0.4001666666666666,0.005333333333333333,0.0,0.0,0.011166666666666667,0.0,0.0001,0.0005133333333333334,0.89,0.0005350000000000001,0.0,0.0,0.537,4.433333333333334e-05,0.7146666666666667,0.0281,0.00021166666666666667,0.6863333333333334,0.0036433333333333335,0.13566666666666669,3.566666666666667e-05,0.0,0.0,0.0,0.0,0.0,0.0,0.0,0.0,0.0,1.2e-06,0.0,0.0,0.0,0.0,0.0,0.0,0.0,0.0,0.0,0.0,0.0,0.0,0.0,0.0,0.0,0.0,0.0,0.0,0.0,0.0,0.18,0.34833333333333333,0.0,0.0,1.03,0.0,2.4999999999999998e-05,0.0,0.0,0.0,0.0,1.0
747737,"EGG, GRADE A, LARGE, WHOLE, RAW, FRESH",0.0,0.0,0.0,0.0,0.0,0.0,0.0,0.0,0.0,0.0,0.0,0.0,0.0,0.0,0.0,0.0,0.0,0.0,0.0,0.0,0.0,0.0,0.0,0.0,0.0,0.0,0.0,0.0,0.0,0.0,0.0,0.0,0.0,0.0,0.0,0.0,0.0,0.0,0.0,0.0,0.0,0.0,0.0,0.0,0.0,0.0,0.0,0.0,0.0,0.0,0.0,0.0,0.0,0.0,0.0,0.0,0.0,0.0,0.0,0.0,0.0,0.0,0.0,0.0,0.0,0.0,0.0,0.0,0.0,0.0,0.0,0.0002730769230769231,0.0,0.0,0.0,0.0,0.0,0.0,0.0,0.0,0.0,0.0,0.0,0.0,0.0,1.0
323508,Whole eggs,0.0,0.0,0.0,0.0,0.0,0.0,0.0,0.0,0.0,0.0,0.0,0.0,0.0,0.0,0.0,0.0,0.0,0.0,0.0,0.0,0.0,0.4202142857142857,0.0,0.0,0.0,0.0,0.0,0.0,0.0,0.0,0.0,0.0,0.0,0.0,0.0,0.18942857142857145,0.0,0.12142857142857143,0.011214285714285715,0.0017707142857142856,0.05492857142857143,0.0012035714285714286,0.11664285714285715,0.0,0.0,0.0,0.0,0.0,0.0,0.0,0.0,0.0,0.0,0.0,0.0,0.0,0.0,0.0,0.0,0.0,0.0,0.0,0.0,0.0,0.0,0.0,0.0,0.0,0.0,0.0,0.0,0.0,0.0,0.0,0.0,0.0,0.0,0.0,0.0,0.0,0.0,0.0,0.0,0.0,2.2714285714285715e-06,1.0
790280,"BUTTER, STICK, UNSALTED",0.0,0.0,0.0,0.10393333333333334,7.1499999999999995,0.0021333333333333334,0.038933333333333334,0.015571428571428571,0.3091333333333333,1.92,0.3577857142857143,0.0,2.2,0.7531428571428572,21.2,0.9985714285714286,14.978571428571428,7.4157142857142855,0.0,0.10171428571428572,0.11721428571428572,0.23464285714285715,0.043,2.0421428571428573,0.015785714285714285,0.023357142857142858,0.5970714285714286,0.04196551724137931,0.0006785714285714286,0.0,0.0,0.0,0.0,0.0,0.0,0.022285714285714287,5.857142857142857e-06,0.5238571428571429,0.0016071428571428571,6.071428571428572e-05,0.020785714285714286,6.785714285714286e-05,0.023071428571428573,5.5e-06,0.0,0.0007446666666666666,0.0,0.0,0.0,0.0,0.0,0.0,0.00015410714285714284,0.0,0.0,0.013285714285714286,0.03,0.006714285714285714,0.060000000000000005,0.034999999999999996,0.021714285714285714,0.03671428571428571,0.016714285714285713,0.024999999999999998,0.01,0.016714285714285713,0.0,0.0,0.049999999999999996,0.011714285714285715,0.04328571428571428,0.0,0.0,0.0,0.58,1.4414285714285715,0.0,0.0,0.0,0.0,5.142857142857143e-06,8.214285714285714e-06,2.2142857142857146e-06,0.0,4e-07,1.0
1106328,Canola oil,0.0,0.0,0.0,0.0,0.04716666666666667,0.0,0.0,0.1498,7.448333333333333,0.0,0.0,0.0,0.0,0.018,3.86,0.20483333333333334,60.26666666666667,1.6583333333333332,0.0,0.5372,1.8916666666666666,0.0035415549597855225,0.27,0.0,0.0,0.0,0.0,0.0,0.0,0.04121666666666667,0.0151,0.0,0.0,0.0,0.0,0.0,0.0,0.0011737089201877935,0.0,3.403973509933775e-05,0.0009470198675496689,0.0,0.0,0.0,0.0,5.102380952380952e-05,0.0,0.0,0.0,0.008011666666666667,0.0,0.0,0.0,7.13e-05,0.0,0.0,0.0,0.0,0.0,0.0,0.0,0.0,0.0,0.0,0.0,0.0,0.0,0.0,0.0,0.0,0.0,0.0,0.0,0.0,0.0,0.0,0.001485,0.0,0.0,0.0,0.0,0.0,0.0,0.0,0.0,4.0
332609,"Olives, green, stuffed with pimentos - NFY1213O8",0.0,0.0,0.0,0.0,0.003333333333333333,0.0,0.0,0.009555555555555555,0.051944444444444446,0.001,0.0,0.0003333333333333333,0.0,0.0013333333333333333,1.8722222222222225,0.15055555555555555,8.63888888888889,0.3231111111111111,0.0,0.053,0.030888888888888893,0.0,0.014555555555555556,0.01,0.0,0.0,0.0,0.0,0.0,0.00010666666666666668,0.0037800000000000004,0.0,0.0,0.0,0.0,0.0,0.0,0.0,0.0,0.0,0.0,0.0,0.0,0.0,4.142857142857143e-05,0.0,0.0,0.0,2e-05,0.0,0.0,0.0,0.0002718,1.66e-05,0.0,0.0,0.0,0.0,0.0,0.0,0.0,0.0,0.0,0.0,0.0,0.0,0.0,0.0,0.0,0.0,0.0,0.0001,0.0,0.3333333333333333,0.0,0.0,0.0,0.0,0.0,0.0,0.0,4.84e-05,1.6e-06,0.0,0.0,9.0
327933,"Fatty Acids, Cheddar cheese, sliced, CRACKER BARREL",0.0,4e-05,1.06e-06,0.0485,3.34,0.001,0.0235,0.00975,0.084625,0.88075,0.18125,0.86275,1.0070000000000001,0.3505,9.31,0.45675,7.165,3.52,0.0,0.05525,0.06425,0.10500000000000001,0.0145,0.70775,0.0072499999999999995,0.0,0.0,0.018250000000000002,0.0,6.500000000000001e-05,0.00073,0.0,0.00046,0.0,0.0,0.4325,3.2e-05,0.62925,0.02495,0.00015000000000000001,0.6597500000000001,0.003515,0.0805,2.55e-05,0.0,0.0,0.0,0.0,0.0,0.0,0.0,0.0,0.0,0.0,0.0,0.0,0.0,0.0,0.0,0.0,0.0,0.0,0.0,0.0,0.0,0.0,0.0,0.0,0.0,0.0,0.0,0.0,0.0,0.0,0.0,0.44899999999999995,0.0,0.0,0.0,0.0,1.8e-05,0.0,0.0,0.0,0.0,1.0
748369,"Olive oil, extra virgin",0.0,0.0,0.0,0.0,0.012666666666666666,0.0,0.0,0.062333333333333324,0.6513888888888889,0.0,0.0,0.0,0.0,0.006388888888888889,12.143888888888888,1.0329166666666667,67.78055555555555,2.5922222222222224,0.0,0.41075,0.27575,0.004433333333333333,0.11816666666666668,0.0,0.0,0.0,0.0,0.0,0.0,0.0,0.0,0.0,0.0,0.0,0.0,0.0,0.0,0.023325000000000002,0.0,0.00144,0.026600000000000002,0.0,0.0,0.0,0.0,0.0,0.0,0.0,0.0,0.0,0.0,0.0,0.0,0.0,0.0,0.0,0.0,0.0,0.0,0.0,0.0,0.0,0.0,0.0,0.0,0.0,0.0,0.0,0.0,0.0,0.0,0.0,0.0,0.0,0.0,0.0,0.0,0.0,0.0,0.0,0.0,0.0,0.0,0.0,0.0,4.0
328234,"Niacin, Cheese, cheddar, natural shredded mild, KRAFT",0.0,7.5e-05,1.0500000000000001e-06,0.05,3.0700000000000003,0.001,0.017,0.010499999999999999,0.05625,0.817,0.1515,0.6785000000000001,0.9450000000000001,0.325,8.82,0.426,6.154999999999999,3.035,0.0,0.049,0.063,0.0965,0.016,0.62,0.0075,0.0025,0.0,0.01675,0.001,0.0,0.00066,0.0,0.00039000000000000005,0.0,0.0,0.448,2.8000000000000003e-05,0.6096666666666667,0.026833333333333334,0.00019333333333333333,0.7306666666666667,0.0035233333333333336,0.06966666666666667,3.1666666666666666e-05,0.0,0.0,0.0,0.0,0.0,0.0,0.0,0.0,0.0,2.2e-06,0.0,0.0,0.0,0.0,0.0,0.0,0.0,0.0,0.0,0.0,0.0,0.0,0.0,0.0,0.0,0.0,0.0,0.0,0.0,0.0,0.0,0.53,0.0,0.0,0.0,0.0,0.0,0.0,0.0,0.0,0.0,1.0
325995,"Cheese, swiss, slices (FL) - 18c-16-04-FA",0.0,0.0,0.0,0.044,2.92,0.0,0.017,0.009,0.064,0.745,0.17,0.744,0.857,0.301,8.23,0.501,6.3,3.02,0.0,0.042,0.06,0.0,0.014,0.667,0.006,0.001,0.0,0.016,0.0,0.0,0.0,0.0,0.0,0.0,0.0,0.0,0.0,0.0,0.0,0.0,0.0,0.0,0.0,0.0,0.0,0.0,0.0,0.0,0.0,0.0,0.0,0.0,0.0,0.0,0.0,0.0,0.0,0.0,0.0,0.0,0.0,0.0,0.0,0.0,0.0,0.0,0.0,0.0,0.0,0.0,0.0,0.0,0.0,0.0,0.0,0.53,0.0,0.0,0.0,0.0,0.0,0.0,0.0,0.0,0.0,1.0
328215,"Niacin, Cheese, cheddar, natural shredded sharp, store brand, GREAT VALUE",0.0,5e-05,1.3e-06,0.059,2.86,0.003,0.017,0.009,0.049,0.823,0.159,0.842,0.922,0.314,8.78,0.368,6.54,3.5,0.0,0.048,0.067,0.098,0.015,0.635,0.01,0.003,0.0,0.0205,0.002,0.0,0.0,0.0,0.00045000000000000004,0.0,0.0,0.446,1.8e-05,0.743,0.027,0.00013000000000000002,0.668,0.0035600000000000002,0.068,3e-05,0.0,0.0,0.0,0.0,0.0,0.0,0.0,0.0,0.0,2.6e-06,0.0,0.0,0.0,0.0,0.0,0.0,0.0,0.0,0.0,0.0,0.0,0.0,0.0,0.0,0.0,0.0,0.0,0.0,0.0,0.0,0.0,0.535,0.0,0.0,0.0,0.0,0.0,0.0,0.0,0.0,0.0,1.0
324868,"Parmesan cheese, grated, KRAFT 100% (FL,MO) - NFY120DS2",0.0,5.666666666666667e-05,1.3666666666666666e-06,0.052833333333333336,2.6333333333333333,0.0005,0.015333333333333332,0.008666666666666666,0.051666666666666666,0.7491666666666666,0.1485,0.7321666666666666,0.8383333333333334,0.26616666666666666,6.984999999999999,0.2853333333333333,5.585,3.0966666666666662,0.0,0.044000000000000004,0.05266666666666667,0.08833333333333333,0.012333333333333333,0.5801666666666666,0.011000000000000001,0.00016666666666666666,0.0,0.017916666666666668,0.0,1.6666666666666667e-05,0.00042,0.0,0.000465,0.0,0.0,0.6648333333333334,3.983333333333334e-05,1.5350000000000001,0.03735,0.0002566666666666667,1.0516666666666667,0.005013333333333334,0.20666666666666667,4.0833333333333334e-05,0.0,0.0,0.0,0.0,0.0,0.0,0.0,0.0,0.0,1.6999999999999998e-06,0.0,0.0,0.0,0.0,0.0,0.0,0.0,0.0,0.0,0.0,0.0,0.0,0.0,0.0,0.0,0.0,0.0,0.0002,0.0,0.0,0.0,0.5,0.0,0.0,0.07,0.0,6e-06,0.0,0.0,0.0,0.0,1.0
324976,"Parmesan cheese, grated, store brand/other brand",0.0,0.0001,1.1e-06,0.039,2.55,0.0,0.017,0.007,0.052000000000000005,0.687,0.141,0.61,0.799,0.267,7.09,0.342,4.93,2.42,0.0,0.036,0.047,0.081,0.01,0.521,0.007,0.0,0.0,0.0125,0.0,0.0,0.00068,0.0,0.00042,0.0,0.0,0.76,3.8e-05,2.27,0.0356,0.00074,0.864,0.00452,0.151,5.2e-05,0.0,0.0,0.0,0.0,0.0,0.0,0.0,0.0,0.0,0.0,0.0,0.0,0.0,0.0,0.0,0.0,0.0,0.0,0.0,0.0,0.0,0.0,0.0,0.0,0.0,0.0,0.0,0.0,0.0,0.0,0.0,0.446,0.0,0.0,0.07,0.0,0.0,0.0,0.0,0.0,0.0,1.0
328451,"Cheese, cheddar, sharp, block/chunk KRAFT",0.0,2.6000000000000002e-05,1.35e-06,0.052333333333333336,3.28,0.001,0.018000000000000002,0.008333333333333333,0.05266666666666667,0.8586666666666667,0.17566666666666667,0.8073333333333332,1.0053333333333334,0.35133333333333333,9.516666666666667,0.48500000000000004,6.493333333333333,3.0666666666666664,0.0,0.04533333333333334,0.068,0.10350000000000001,0.014666666666666666,0.6426666666666666,0.008333333333333333,0.0030000000000000005,0.0,0.017833333333333336,0.0006666666666666666,0.0,0.0,0.0,0.00034500000000000004,0.0,0.0,0.4633333333333334,3.2999999999999996e-05,0.67,0.025866666666666666,0.00015,0.6963333333333334,0.0038366666666666666,0.07666666666666666,1.9e-05,0.0,0.0,0.0,0.0,0.0,0.0,0.0,0.0,0.0,2.2e-06,0.0,0.0,0.0,0.0,0.0,0.0,0.0,0.0,0.0,0.0,0.0,0.0,0.0,0.0,0.0,0.0,0.0,0.0,0.0,0.0,0.0,0.5496666666666666,0.0,0.0,0.0,0.0,0.0,0.0,0.0,0.0,0.0,1.0
749420,"Pork, cured, bacon, cooked, restaurant",0.0,0.0,0.0,0.16,0.476,0.006,0.024,0.002,0.15533333333333332,0.033,0.042,0.118,0.03,0.018,7.94,0.839,14.6,3.9,0.0,0.072,0.1425,0.0,0.014,0.002,0.047,0.012,0.009,0.04933333333333333,0.002,0.0,0.0,0.04,0.0,0.0,0.0,0.41500000000000004,0.00013000000000000002,1.83,0.0365,0.00128,0.013000000000000001,0.0035600000000000002,0.557,2e-05,0.0,0.0,3.09,0.01,0.0,0.0,0.0,0.0,0.0,0.0,0.0,0.0,0.0,0.0,0.0,0.0,0.0,0.0,0.0,0.0,0.0,0.0,0.0,0.0,0.0,0.0,0.0,0.0,0.0,0.0,0.0,0.001,0.0,0.0,0.0,0.0,0.0,0.0,0.0,0.0,0.0,10.0
328439,"Cheese, cheddar, mild, block/chunk KRAFT",0.0,6.500000000000001e-05,1.2499999999999999e-06,0.056,3.026666666666667,0.0023333333333333335,0.015,0.009333333333333332,0.04683333333333334,0.8393333333333333,0.15966666666666665,0.8250000000000001,0.953,0.3136666666666667,8.69,0.38799999999999996,6.72,3.64,0.0,0.051333333333333335,0.06833333333333334,0.101,0.017,0.6533333333333333,0.009666666666666665,0.0030000000000000005,0.0,0.0195,0.0006666666666666666,0.0,0.00071,0.0,0.000295,0.0,0.0,0.4523333333333333,3.733333333333333e-05,0.6880000000000001,0.0273,0.00012666666666666666,0.6833333333333335,0.0035866666666666664,0.07733333333333332,2.2333333333333335e-05,0.0,0.0,0.0,0.0,0.0,0.0,0.0,0.0,0.0,2.1e-06,0.0,0.0,0.0,0.0,0.0,0.0,0.0,0.0,0.0,0.0,0.0,0.0,0.0,0.0,0.0,0.0,0.0,0.0,0.0,0.0,0.0,0.5503333333333333,0.0,0.0,0.0,0.0,0.0,0.0,0.0,0.0,0.0,1.0
173997,"Beef, round, top round roast, boneless, separable lean only,raw",0.00025,0.006158333333333334,1.2175e-06,0.0376,0.04933333333333334,0.002,0.0082,0.002,0.0030000000000000005,0.004,0.005,0.113,0.002,0.008666666666666666,0.5223333333333334,0.06025,0.82375,0.3073333333333333,0.0,0.001,0.002,0.063,0.0,0.0,0.0,0.0,0.011000000000000001,0.012333333333333333,0.0,4e-05,0.0001575,0.0,0.00036999999999999994,0.0,0.0,0.22,4.7000000000000004e-05,0.055,0.011933333333333332,0.00234,0.013000000000000003,0.00354,0.316,3e-06,6.4e-05,3.6666666666666666e-06,0.0,0.0,0.0,0.0,0.0,0.0,0.0,1.5e-06,0.0,0.745,1.373,1.207,1.195,1.893,1.302,1.148,1.053,1.112,0.308,1.668,0.119,0.0,2.426,1.065,2.721,0.010799999999999999,2.27e-05,0.0,0.0,0.0,0.0,0.0,0.0,0.284,3e-06,0.0,0.0,0.0,0.0,13.0
170634,"Beef, round, eye of round roast, boneless,raw",0.00023200000000000003,0.00862,1.065e-06,0.047,0.092,0.002,0.012,0.004,0.008,0.004,0.017,0.148,0.003,0.015,0.843,0.129,1.4340000000000002,0.438,0.0,0.003,0.009,0.074,0.0,0.0,0.0,0.0,0.028,0.015,0.0,0.0,0.00017,0.0,0.000449,0.0,0.0,0.28,6.2e-05,0.066,0.015,0.00186,0.016,0.00435,0.41100000000000003,1e-06,8e-05,3.6666666666666666e-06,0.0,0.0,0.0,0.0,0.0,0.0,0.0,1.3e-06,0.0,0.846,1.576,1.369,1.329,2.126,1.49,1.288,1.187,1.269,0.36,1.9,0.154,0.0,2.729,1.165,3.063,0.013900000000000001,2.88e-05,0.0,0.0,0.0,0.0,0.0,0.0,0.317,3.7499999999999997e-06,0.0,0.0,0.0,0.0,13.0
325530,"Italian pork sausage, store/other, cooked",0.0,0.0,0.0,0.12425,0.34225,0.005,0.02225,0.0,0.091875,0.019,0.033,0.08825,0.0175,0.013749999999999998,5.7975,0.60775,10.945,2.91,0.0,0.05975,0.2635,0.097,0.00975,0.00575,0.042749999999999996,0.00475,0.00625,0.03025,0.0,0.0,0.0,0.0,0.00086,0.0,0.0,0.16725,7.975e-05,0.81425,0.02025,0.0012325,0.01375,0.0025025000000000004,0.39025,3.8e-05,0.00041799999999999997,0.0,0.0,0.0,0.0,0.0,0.0,0.0,0.0,0.0,0.0,0.0,0.0,0.0,0.0,0.0,0.0,0.0,0.0,0.0,0.0,0.0,0.0,0.0,0.0,0.0,0.0,0.0,0.0,0.0,0.0,0.0,0.0,0.0,0.0,0.0,0.0,0.0,0.0,0.0,0.0,7.0
2646372,"Chicken, breast, skinless, boneless, braised",0.0,0.0,0.0,0.0,0.0,0.0,0.0,0.0,0.0,0.0,0.0,0.0,0.0,0.0,0.0,0.0,0.0,0.0,0.0,0.0,0.0,0.0727325,0.0,0.0,0.0,0.0,0.0,0.0,0.0,0.0,0.0,0.0,0.0,0.0,0.0,0.214875,3.6375000000000003e-06,0.06575,0.0262,0.00035425,0.00393875,0.0006545,0.330125,0.0,0.0,0.0,0.0,0.0,0.0,0.0,0.0,0.0,0.0,0.0,0.0,0.0,0.0,0.0,0.0,0.0,0.0,0.0,0.0,0.0,0.0,0.0,0.0,0.0,0.0,0.0,0.0,0.0,0.0,0.0,0.0,0.0,0.0,0.0,0.0,0.0,0.0,0.0,0.0,0.0,0.0,5.0
441494,Soybean oil,0.0,0.0,0.0,0.0,0.07516666666666666,0.0,0.0,0.1232,6.6433333333333335,0.0,0.0,0.0,0.0,0.014000000000000002,10.266666666666667,0.08033333333333333,21.383333333333336,3.705,0.0,0.2924,0.5973333333333333,0.0,0.3044,0.0,0.0,0.0,0.0,0.0,0.0,0.07011666666666667,0.010925,0.0,0.0,0.0,0.0,0.0,0.0,0.0,0.0,8.333333333333334e-06,0.0,1e-05,0.0,0.0,0.0,0.0,0.0,0.0,0.00177,0.00161,0.0,0.0,0.0,0.0001839,0.0,0.0,0.0,0.0,0.0,0.0,0.0,0.0,0.0,0.0,0.0,0.0,0.0,0.0,0.0,0.0,0.0,0.0,0.0,0.0,0.0,0.0,0.021349999999999997,0.0,0.0,0.0,0.0,0.0,0.0,0.0,0.0,4.0
173862,"Frankfurter, beef, unheated",0.00015250000000000002,0.002234,6.433333333333334e-07,0.02866666666666667,0.843,0.0003333333333333333,0.013,0.002,0.05366666666666667,0.015,0.17099999999999999,1.4104999999999999,0.019,0.139,6.334,1.0026666666666666,10.855666666666666,3.677,0.0,0.029,0.115,0.058,0.0075,0.004,0.008,0.0055,0.265,0.015,0.0045000000000000005,0.00017,0.0003366666666666667,1.12,0.0002605,0.095,0.0,0.131,4.4999999999999996e-05,0.8685,0.01125,0.00113,0.014499999999999999,0.002035,0.35350000000000004,3.0000000000000004e-05,3.2500000000000004e-05,4.6e-06,0.0,0.0,0.0,0.0,0.0,0.0,0.0,1.8e-06,0.0,0.0,0.0,0.0,0.0,0.0,0.0,0.0,0.0,0.0,0.0,0.0,0.0,0.0,0.0,0.0,0.0,0.0,1.03e-05,0.0,0.0,0.0005,0.0,0.0,0.0,0.0,0.0,0.0,0.0,0.0,0.0,7.0
322898,"Hot dogs, beef",0.0,0.0,9.744444444444443e-07,0.028705882352941175,0.8398823529411765,0.0,0.013352941176470587,0.0016470588235294118,0.03952941176470588,0.015470588235294118,0.16929411764705882,1.374235294117647,0.018705882352941176,0.13829411764705882,6.33,0.9844705882352942,10.401764705882353,3.658235294117647,0.0,0.028823529411764706,0.11652941176470588,0.0,0.007588235294117647,0.004411764705882353,0.007764705882352942,0.005411764705882353,0.26652941176470585,0.011176470588235295,0.004705882352941177,0.00017333333333333336,0.0005122222222222223,1.17,0.0,0.09333333333333334,0.0,0.0,0.0,0.0,0.0,0.0,0.0,0.0,0.0,0.0,0.0,3.333333333333333e-06,0.0,0.0,0.0,0.0,0.0,0.0,0.0,0.0,0.0,0.0,0.0,0.0,0.0,0.0,0.0,0.0,0.0,0.0,0.0,0.0,0.0,0.0,0.0,0.0,0.0,0.0,0.0,0.0,0.0,0.0,0.0,0.0,0.0,0.0,0.0,0.0,0.0,0.0,0.0,7.0
324060,"Beef breakfast sausage, eckrich sausage links",0.000125,0.0023100000000000004,1.2e-06,0.028,0.817,0.0,0.0075,0.0015,0.031,0.0,0.14300000000000002,1.01,0.015,0.1185,6.38,1.0070000000000001,10.565,3.545,0.0,0.0225,0.0985,0.056,0.005,0.003,0.009,0.0015,0.257,0.01175,0.0035,0.0,0.00024,1.0,0.00030000000000000003,0.0,0.0,0.1335,5.05e-05,1.02,0.012150000000000001,0.00113,0.011,0.002175,0.351,2.6000000000000002e-05,5.25e-05,0.0,0.0,0.0,0.0,0.0,0.0,0.0,0.0,0.0,0.0192,0.0,0.0,0.0,0.0,0.0,0.0,0.0,0.0,0.0,0.0,0.0,0.0,0.0,0.0,0.0,0.0,0.0,0.0,0.0,0.0,0.0,0.0,0.0,0.0,0.0,0.0,0.0,0.0,0.0,0.0,7.0
174616,"Sausage, breakfast sausage, beef, pre-cooked",0.00013166666666666668,0.0024223333333333336,8.499999999999999e-07,0.045200000000000004,0.7866666666666667,0.002,0.009,0.0030000000000000005,0.06144444444444445,0.002,0.12933333333333333,1.0186666666666666,0.017666666666666667,0.106,6.636666666666667,1.103,11.19125,3.4753333333333334,0.0,0.02666666666666667,0.111,0.06066666666666667,0.004,0.004,0.014666666666666666,0.0023333333333333335,0.25333333333333335,0.020777777777777777,0.0023333333333333335,0.00014000000000000001,0.0002875,1.0,0.000322,0.0,0.0,0.12466666666666666,7.3e-05,0.8786666666666667,0.019133333333333332,0.0015166666666666668,0.033,0.0021433333333333335,0.27033333333333337,0.00016166666666666668,5.366666666666667e-05,2.7857142857142858e-05,0.0,0.0,0.0,0.0,0.0,0.0,0.0,2.8e-06,0.012799999999999999,0.26,0.53,0.94,0.84,0.83,0.46,0.55,0.39,0.6,0.12,0.77,0.29,0.17,0.93,0.35,1.19,0.004333333333333334,1.1599999999999999e-05,0.0,0.0,0.0,0.0,0.0,0.0,0.0,5.25e-06,0.0,0.0,0.0,0.0,7.0
748323,"Oil, corn",0.0,0.0,0.0,0.0,0.034,0.0,0.0,0.154,1.04,0.0,0.0,0.0,0.0,0.008,11.1,0.091,27.2,1.58,0.0,0.349,0.365,0.0,0.112,0.0,0.0,0.0,0.0,0.0,0.0,0.0609,0.022600000000000002,0.0,0.0,0.0,0.0,0.0,0.0,0.0,0.0,0.0,0.0,0.0,0.0,0.0,0.0,0.0,0.0,0.0,0.0011,0.0044,0.0,0.0,0.0,0.0,0.0,0.0,0.0,0.0,0.0,0.0,0.0,0.0,0.0,0.0,0.0,0.0,0.0,0.0,0.0,0.0,0.0,0.0,0.0,0.0,0.0,0.0,0.00278,0.00149,0.0,0.0,0.0,0.0,0.0,0.0016,0.0,4.0
334858,"Beef, Tenderloin Roast, select, roasted, lean",0.0,0.0,0.0,0.062,0.161,0.002,0.011,0.004,0.012,0.007,0.041,0.333,0.006,0.031,1.43,0.132,2.11,0.955,0.0,0.007,0.017,0.0,0.0,0.0,0.0,0.0,0.0,0.017,0.0,0.0,0.0,0.0,0.0,0.0,0.0,0.0,0.0,0.0,0.0,0.0,0.0,0.0,0.0,0.0,0.0,0.0,0.0,0.0,0.0,0.0,0.0,0.0,0.0,0.0,0.0,0.0,0.0,0.0,0.0,0.0,0.0,0.0,0.0,0.0,0.0,0.0,0.0,0.0,0.0,0.0,0.0,0.0,0.0,0.0,0.0,0.0,0.0,0.0,0.0,0.0,0.0,0.0,0.0,0.0,0.0,13.0
2727572,"Beef, short loin, porterhouse steak, raw",0.0,0.0,0.0,0.0,0.0,0.0,0.0,0.0,0.0,0.0,0.0,0.0,0.0,0.0,0.0,0.0,0.0,0.0,0.0,0.0,0.0,0.0576,0.0,0.0,0.0,0.0,0.0,0.0,0.0,0.0,0.0,0.0,0.0,0.0,0.0,0.17137777777777777,4.303777777777778e-05,0.04308777777777778,0.0195,0.0016075555555555556,0.005042555555555555,0.0032837777777777774,0.323,1.5625555555555557e-06,0.0,0.0,0.0,0.0,0.0,0.0,0.0,0.0,0.0,0.0,0.0,0.0,0.0,0.0,0.0,0.0,0.0,0.0,0.0,0.0,0.0,0.0,0.0,0.0,0.0,0.0,0.0,0.0,0.0,0.0,0.0,0.0,0.0,0.0,0.0,0.0,0.0,0.0,0.0,0.0,0.0,13.0
2727566,"Chicken, drumstick, meat only, braised",0.0,0.0,0.0,0.0,0.0,0.0,0.0,0.0,0.0,0.0,0.0,0.0,0.0,0.0,0.0,0.0,0.0,0.0,0.0,0.0,0.0,0.09455,0.0,0.0,0.0,0.0,0.0,0.0,0.0,0.0,0.0,0.0,0.0,0.0,0.0,0.1525,4.426222222222222e-05,0.09097555555555556,0.01855,0.0006657555555555556,0.008284999999999999,0.0017000000000000001,0.24406666666666668,6.55e-06,0.0,0.0,0.0,0.0,0.0,0.0,0.0,0.0,0.0,0.0,0.0,0.0,0.0,0.0,0.0,0.0,0.0,0.0,0.0,0.0,0.0,0.0,0.0,0.0,0.0,0.0,0.0,0.0,0.0,0.0,0.0,0.0,0.0,0.0,0.0,0.0,0.0,0.0,0.0,0.0,0.0,5.0
331583,"Chicken, skin, raw, from drumsticks and thighs",0.0,0.0,0.0,0.142,0.257,0.009,0.016,0.004,0.48,0.005,0.051,0.15,0.026,0.022,8.83,1.98,14.2,2.2,0.0,0.03,0.159,0.0,0.022,0.001,0.03,0.085,0.0,0.035500000000000004,0.001,0.0,0.0,0.0,0.0,0.0,0.0,0.0,0.0,0.0,0.0,0.0,0.0,0.0,0.0,0.0,0.0,0.0,0.0,0.0,0.0,0.0,0.0,0.0,0.0,0.0,0.0,0.17,0.36,1.31,0.78,0.72,0.28,0.36,0.23,0.3,0.05,0.69,0.0,0.0,0.55,0.21,0.74,0.0,0.0,0.0,0.0,0.0,0.0,0.0,0.0,0.08,0.0,0.0,0.0,0.0,0.0,5.0
334926,"Beef, Top Round roast/steak, select, raw, lean",0.0,0.0,0.0,0.037,0.045,0.002,0.009,0.003,0.004,0.006,0.006,0.084,0.003,0.008,0.443,0.047,0.642,0.245,0.0,0.001,0.004,0.0,0.0,0.0,0.0,0.0,0.0,0.013,0.0,0.0,0.0,0.0,0.0,0.0,0.0,0.0,0.0,0.0,0.0,0.0,0.0,0.0,0.0,0.0,0.0,0.0,0.0,0.0,0.0,0.0,0.0,0.0,0.0,0.0,0.0,0.0,0.0,0.0,0.0,0.0,0.0,0.0,0.0,0.0,0.0,0.0,0.0,0.0,0.0,0.0,0.0,0.0,0.0,0.0,0.0,0.0,0.0,0.0,0.0,0.0,0.0,0.0,0.0,0.0,0.0,13.0
335083,"Beef, Porterhouse Steak, select, raw, lean",0.0,0.0,0.0,0.041,0.165,0.003,0.01,0.003,0.012,0.007,0.024,0.241,0.005,0.03,1.29,0.144,1.7,0.673,0.0,0.005,0.012,0.0,0.0,0.0,0.0,0.0,0.0,0.014,0.0,0.0,0.0,0.0,0.0,0.0,0.0,0.0,0.0,0.0,0.0,0.0,0.0,0.0,0.0,0.0,0.0,0.0,0.0,0.0,0.0,0.0,0.0,0.0,0.0,0.0,0.0,0.0,0.0,0.0,0.0,0.0,0.0,0.0,0.0,0.0,0.0,0.0,0.0,0.0,0.0,0.0,0.0,0.0,0.0,0.0,0.0,0.0,0.0,0.0,0.0,0.0,0.0,0.0,0.0,0.0,0.0,13.0
334821,"Beef, Top Loin steak, boneless, choice, raw, lean",0.0,0.0,0.0,0.043,0.188,0.0,0.009,0.003,0.011,0.007,0.031,0.285,0.006,0.029,1.5,0.213,2.3,0.702,0.0,0.005,0.016,0.06,0.0,0.0,0.0,0.0,0.0,0.012,0.0,0.0,0.0,0.0,0.0,0.0,0.0,0.0,0.0,0.0,0.0,0.0,0.0,0.0,0.0,0.0,0.0,0.0,0.0,0.0,0.0,0.0,0.0,0.0,0.0,0.0,0.0,0.0,0.0,0.0,0.0,0.0,0.0,0.0,0.0,0.0,0.0,0.0,0.0,0.0,0.0,0.0,0.0,0.0,0.0,0.0,0.0,0.0,0.0,0.0,0.0,0.0,0.0,0.0,0.0,0.0,0.0,13.0
331661,"Chicken, dark meat, lean only, drumstick, braised",0.0,0.0,0.0,0.097,0.019,0.008,0.011,0.0,0.037,0.0,0.004,0.012,0.002,0.003,0.717,0.179,1.13,0.233,0.0,0.003,0.013,0.0,0.005,0.001,0.024,0.006,0.0,0.008,0.0,0.0,0.0,0.0,0.0,0.0,0.0,0.0,0.0,0.0,0.0,0.0,0.0,0.0,0.0,0.0,0.0,0.0,0.0,0.0,0.0,0.0,0.0,0.0,0.0,0.0,0.0,0.54,0.92,0.9,0.79,1.37,0.91,0.81,0.72,0.77,0.22,1.15,0.0,0.0,1.62,0.55,1.88,0.0,0.0,0.0,0.0,0.0,0.0,0.0,0.0,0.22,0.0,0.0,0.0,0.0,0.0,5.0
331661,"Chicken, dark meat, lean only, drumstick, roasted",0.0,0.0,0.0,0.097,0.019,0.008,0.011,0.0,0.037,0.0,0.004,0.012,0.002,0.003,0.717,0.179,1.13,0.233,0.0,0.003,0.013,0.0,0.005,0.001,0.024,0.006,0.0,0.008,0.0,0.0,0.0,0.0,0.0,0.0,0.0,0.0,0.0,0.0,0.0,0.0,0.0,0.0,0.0,0.0,0.0,0.0,0.0,0.0,0.0,0.0,0.0,0.0,0.0,0.0,0.0,0.54,0.92,0.9,0.79,1.37,0.91,0.81,0.72,0.77,0.22,1.15,0.0,0.0,1.62,0.55,1.88,0.0,0.0,0.0,0.0,0.0,0.0,0.0,0.0,0.22,0.0,0.0,0.0,0.0,0.0,5.0
331783,"Chicken, skin, braised, from drumsticks and thighs",0.0,0.0,0.0,0.121,0.215,0.006,0.013,0.003,0.375,0.005,0.052,0.135,0.021,0.026,8.38,2.68,14.0,1.86,0.0,0.027,0.241,0.0,0.02,0.001,0.029,0.0,0.0,0.0305,0.0,0.0,0.0,0.0,0.0,0.0,0.0,0.0,0.0,0.0,0.0,0.0,0.0,0.0,0.0,0.0,0.0,0.0,0.0,0.0,0.0,0.0,0.0,0.0,0.0,0.0,0.0,0.0,0.0,0.0,0.0,0.0,0.0,0.0,0.0,0.0,0.0,0.0,0.0,0.0,0.0,0.0,0.0,0.0,0.0,0.0,0.0,0.0,0.0,0.0,0.0,0.0,0.0,0.0,0.0,0.0,0.0,5.0
331783,"Chicken, skin, roasted, from drumsticks and thighs",0.0,0.0,0.0,0.121,0.215,0.006,0.013,0.003,0.375,0.005,0.052,0.135,0.021,0.026,8.38,2.68,14.0,1.86,0.0,0.027,0.241,0.0,0.02,0.001,0.029,0.0,0.0,0.0305,0.0,0.0,0.0,0.0,0.0,0.0,0.0,0.0,0.0,0.0,0.0,0.0,0.0,0.0,0.0,0.0,0.0,0.0,0.0,0.0,0.0,0.0,0.0,0.0,0.0,0.0,0.0,0.0,0.0,0.0,0.0,0.0,0.0,0.0,0.0,0.0,0.0,0.0,0.0,0.0,0.0,0.0,0.0,0.0,0.0,0.0,0.0,0.0,0.0,0.0,0.0,0.0,0.0,0.0,0.0,0.0,0.0,5.0
168643,"Beef, short loin, t-bone steak, bone-in, grilled",0.000254,0.006109,9.8e-07,0.051,0.28,0.0,0.012,0.004,0.018,0.01,0.037,0.485,0.01,0.047,2.383,0.324,3.8715,1.362,0.0,0.006,0.018,0.082,0.0,0.0,0.0,0.0,0.056,0.018,0.0,0.0,0.000115,0.0,0.000323,0.0,0.0,0.219,7.3e-05,0.067,0.021,0.00357,0.018000000000000002,0.00461,0.29,4e-06,5.800000000000001e-05,3.333333333333333e-06,0.0,0.0,0.0,0.0,0.0,0.0,0.0,1.5e-06,0.0,0.784,1.455,1.272,1.24,1.981,1.377,1.198,1.102,1.177,0.331,1.763,0.136,0.0,2.54,1.096,2.852,0.0086,2.93e-05,0.0,0.0,0.0,0.0,0.0,0.0,0.296,5.25e-06,0.0,0.0,0.0,1e-07,13.0
320386,"Beef, Eye of Round roast/steak, select, raw",0.0,0.0,0.0,0.039,0.065,0.003,0.013,0.003,0.005,0.005,0.012,0.111,0.002,0.012,0.561,0.072,0.804,0.279,0.0,0.002,0.008,0.0,0.0,0.0,0.0,0.0,0.0,0.013,0.0,0.0,0.0,0.0,0.0,0.0,0.0,0.0,0.0,0.0,0.0,0.0,0.0,0.0,0.0,0.0,0.0,0.0,0.0,0.0,0.0,0.0,0.0,0.0,0.0,0.0,0.0,0.0,0.0,0.0,0.0,0.0,0.0,0.0,0.0,0.0,0.0,0.0,0.0,0.0,0.0,0.0,0.0,0.0,0.0,0.0,0.0,0.0,0.0,0.0,0.0,0.0,0.0,0.0,0.0,0.0,0.0,13.0
331901,"Chicken breasts, boneless, skinless, braised",0.0,0.0,0.0,0.104,0.022,0.007,0.009,0.0,0.014,0.015,0.0,0.012,0.004,0.004,0.967,0.21,1.4,0.301,0.0,0.003,0.023,0.0,0.007,0.0,0.029,0.0,0.0,0.013,0.0,0.0,0.0,0.0,0.0,0.0,0.0,0.0,0.0,0.0,0.0,0.0,0.0,0.0,0.0,0.0,0.0,0.0,0.0,0.0,0.0,0.0,0.0,0.0,0.0,0.0,0.0,0.0,0.0,0.0,0.0,0.0,0.0,0.0,0.0,0.0,0.0,0.0,0.0,0.0,0.0,0.0,0.0,0.0,0.0,0.0,0.0,0.0,0.0,0.0,0.0,0.0,0.0,0.0,0.0,0.0,0.0,5.0
331622,"Chicken, dark meat, lean only, thigh, roasted",0.0,0.0,0.0,0.098,0.019,0.008,0.01,0.002,0.038,0.0,0.003,0.012,0.002,0.003,0.769,0.169,1.17,0.256,0.0,0.004,0.015,0.0,0.007,0.002,0.024,0.007,0.0,0.009,0.0,0.0,0.0,0.0,0.0,0.0,0.0,0.0,0.0,0.0,0.0,0.0,0.0,0.0,0.0,0.0,0.0,0.0,0.0,0.0,0.0,0.0,0.0,0.0,0.0,0.0,0.0,0.56,0.95,0.88,0.78,1.35,0.94,0.81,0.73,0.78,0.22,1.17,0.0,0.0,1.68,0.6,1.92,0.0,0.0,0.0,0.0,0.0,0.0,0.0,0.0,0.23,0.0,0.0,0.0,0.0,0.0,5.0
331622,"Chicken, dark meat, lean only, thigh, braised",0.0,0.0,0.0,0.098,0.019,0.008,0.01,0.002,0.038,0.0,0.003,0.012,0.002,0.003,0.769,0.169,1.17,0.256,0.0,0.004,0.015,0.0,0.007,0.002,0.024,0.007,0.0,0.009,0.0,0.0,0.0,0.0,0.0,0.0,0.0,0.0,0.0,0.0,0.0,0.0,0.0,0.0,0.0,0.0,0.0,0.0,0.0,0.0,0.0,0.0,0.0,0.0,0.0,0.0,0.0,0.56,0.95,0.88,0.78,1.35,0.94,0.81,0.73,0.78,0.22,1.17,0.0,0.0,1.68,0.6,1.92,0.0,0.0,0.0,0.0,0.0,0.0,0.0,0.0,0.23,0.0,0.0,0.0,0.0,0.0,5.0
335040,"Beef, T-bone Steak, U_choice, grilled",0.0,0.0,0.0,0.05,0.377,0.0,0.012,0.0,0.02,0.015,0.066,0.628,0.012,0.06,2.73,0.396,4.09,1.53,0.0,0.011,0.032,0.078,0.0,0.0,0.0,0.0,0.0,0.018,0.0,0.0,0.0,0.0,0.0,0.0,0.0,0.0,0.0,0.0,0.0,0.0,0.0,0.0,0.0,0.0,0.0,0.0,0.0,0.0,0.0,0.0,0.0,0.0,0.0,0.0,0.0,0.0,0.0,0.0,0.0,0.0,0.0,0.0,0.0,0.0,0.0,0.0,0.0,0.0,0.0,0.0,0.0,0.0,0.0,0.0,0.0,0.0,0.0,0.0,0.0,0.0,0.0,0.0,0.0,0.0,0.0,13.0
369208,Beef breakfast sausage,0.0,0.0,0.0,0.0,0.0,0.0,0.0,0.0,0.0,0.0,0.0,0.0,0.0,0.0,0.0,0.0,0.0,0.0,0.0,0.0,0.0,0.07,0.0,0.0,0.0,0.0,0.0,0.0,0.0,0.0,0.0,0.0,0.0,0.0,0.0,0.0,0.0,0.8250000000000001,0.0,0.00189,0.035,0.0,0.0,0.0,0.0,0.00035099999999999997,0.0,0.0,0.0,0.0,0.0,0.0,0.0,0.0,0.0,0.0,0.0,0.0,0.0,0.0,0.0,0.0,0.0,0.0,0.0,0.0,0.0,0.0,0.0,0.0,0.0,0.0,0.0,0.0,0.0,0.0,0.0,0.0,0.0,0.0,0.0,0.0,0.0,0.0,0.0,7.0
330477,"Ground turkey, 93% lean 7% fat, pan-broiled",0.0,0.0054175000000000004,1.2e-06,0.1085,0.068,0.00775,0.009999999999999998,0.001,0.060375,0.0035,0.0135,0.07375,0.010499999999999999,0.010249999999999999,1.4775,0.26549999999999996,2.4375,0.56575,0.0,0.00725,0.029249999999999998,0.074,0.0022500000000000003,0.00275,0.01975,0.006,0.0,0.00575,0.00575,0.00013000000000000002,0.00011,0.0,0.001,0.0,0.0,0.193,0.00010675,0.0695,0.021275000000000002,0.0011675000000000001,0.02075,0.0025325,0.21300000000000002,8.25e-06,0.0,0.0,0.0,0.0,0.0,0.0,0.0,0.0,0.0,0.0,0.0,0.54,0.84,1.07,0.84,1.35,0.81,0.79,0.64,0.71,0.21,1.16,0.2,0.0,1.51,0.51,1.77,0.0070999999999999995,0.0,0.0,0.0,0.0,2e-05,2e-05,0.0,0.2,0.0,0.0,0.0,4e-05,0.0,5.0
332797,"Chorizo pork sausage, mixed brand, cooked",0.000455,0.007719999999999999,1.4299999999999999e-06,0.133,0.34349999999999997,0.00525,0.02,0.0025,0.093625,0.0205,0.03,0.09075,0.02225,0.012499999999999999,5.79,0.56525,10.66,2.9699999999999998,0.0,0.052250000000000005,0.23225,0.1245,0.0115,0.006,0.029,0.00475,0.006,0.028875,0.0,0.0,0.0,0.0,0.0012050000000000001,0.0,0.0,0.21525,0.00014225000000000002,1.0195,0.032875,0.00254,0.04025,0.0022225,0.47350000000000003,0.0002145,0.000445,0.0,0.0,0.0,0.0,0.0,0.0,0.0,0.0,0.0,0.0,0.0,0.0,0.0,0.0,0.0,0.0,0.0,0.0,0.0,0.0,0.0,0.0,0.0,0.0,0.0,0.0,0.0,2.74e-05,0.0,0.0,0.0,0.0,0.0,0.0,0.0,9.999999999999999e-06,0.0,0.0,0.0,0.0,7.0
330477,"Ground turkey, 93% lean 7% fat, broiled",0.0,0.0054175000000000004,1.2e-06,0.1085,0.068,0.00775,0.009999999999999998,0.001,0.060375,0.0035,0.0135,0.07375,0.010499999999999999,0.010249999999999999,1.4775,0.26549999999999996,2.4375,0.56575,0.0,0.00725,0.029249999999999998,0.074,0.0022500000000000003,0.00275,0.01975,0.006,0.0,0.00575,0.00575,0.00013000000000000002,0.00011,0.0,0.001,0.0,0.0,0.193,0.00010675,0.0695,0.021275000000000002,0.0011675000000000001,0.02075,0.0025325,0.21300000000000002,8.25e-06,0.0,0.0,0.0,0.0,0.0,0.0,0.0,0.0,0.0,0.0,0.0,0.54,0.84,1.07,0.84,1.35,0.81,0.79,0.64,0.71,0.21,1.16,0.2,0.0,1.51,0.51,1.77,0.0070999999999999995,0.0,0.0,0.0,0.0,2e-05,2e-05,0.0,0.2,0.0,0.0,0.0,4e-05,0.0,5.0
324060,"Beef breakfast sausage, maple flavor",0.000125,0.0023100000000000004,1.2e-06,0.028,0.817,0.0,0.0075,0.0015,0.031,0.0,0.14300000000000002,1.01,0.015,0.1185,6.38,1.0070000000000001,10.565,3.545,0.0,0.0225,0.0985,0.056,0.005,0.003,0.009,0.0015,0.257,0.01175,0.0035,0.0,0.00024,1.0,0.00030000000000000003,0.0,0.0,0.1335,5.05e-05,1.02,0.012150000000000001,0.00113,0.011,0.002175,0.351,2.6000000000000002e-05,5.25e-05,0.0,0.0,0.0,0.0,0.0,0.0,0.0,0.0,0.0,0.0192,0.0,0.0,0.0,0.0,0.0,0.0,0.0,0.0,0.0,0.0,0.0,0.0,0.0,0.0,0.0,0.0,0.0,0.0,0.0,0.0,0.0,0.0,0.0,0.0,0.0,0.0,0.0,0.0,0.0,0.0,7.0
